event_date,Y,bond_code,W1,W2,W3,W4a,W5,W6,W7a,W8,W9,prob_proposal,signal_buy,return,note,cumulative_return
2024-08-01,0,118009.SH,0.1300375461578369,2.111963,0,1,0,0,1,3.896,0.01429,0.37372643,0,0.0,无信号,0.0
2024-08-01,0,123234.SZ,-0.0336627252399921,1.953597,0,1,0,1,0,5.3607,0.43478,0.21200417,0,0.0,无信号,0.0
2024-08-01,0,128070.SZ,0.0414135307073593,1.605576,0,1,1,0,0,0.9172,0.28431,0.7351901,1,-0.0008505154639175579,成交,-0.0008505154639175579
2024-08-02,0,123183.SZ,0.0531116835772991,3.075634,0,1,1,1,0,4.6379,0.03883,0.5425917,1,-0.015644738120687975,成交,-0.016495253584605532
2024-08-02,0,127047.SZ,0.1686329692602157,1.283325,0,1,0,0,1,3.2279,0.02006,0.35645923,0,0.0,无信号,-0.016495253584605532
2024-08-02,0,123071.SZ,0.1816853582859039,1.76629,1,1,1,1,0,2.2177,0.03475,0.4897057,0,0.0,无信号,-0.016495253584605532
2024-08-02,0,113563.SH,-0.0281361006200313,1.491048,0,0,0,0,0,1.4565,0.16527,0.40242782,0,0.0,无信号,-0.016495253584605532
2024-08-02,0,111008.SH,-0.0564067810773849,1.558853,0,1,0,0,0,4.2519,0.00494,0.08426779,0,0.0,无信号,-0.016495253584605532
2024-08-02,0,110086.SH,-0.0793394371867179,1.527281,0,0,0,0,1,3.7207,0.02251,0.19387616,0,0.0,无信号,-0.016495253584605532
2024-08-02,0,118008.SH,0.017472006380558,1.783273,0,1,1,1,1,3.8905,0.01222,0.6203398,1,-0.003719382717719024,成交,-0.020214636302324555
2024-08-05,0,111018.SH,-0.0911408215761184,3.629763,0,1,0,1,0,5.3881,0.03077,0.40819022,0,0.0,无信号,-0.020214636302324555
2024-08-05,0,113608.SH,-0.0115658361464738,2.417669,0,1,0,0,0,2.2615,0.00898,0.2275999,0,0.0,无信号,-0.020214636302324555
2024-08-05,0,113628.SH,0.1158941611647605,1.364034,0,1,0,0,0,3.0472,0.31304,0.07236256,0,0.0,无信号,-0.020214636302324555
2024-08-05,0,118032.SH,-0.1554529517889022,2.785731,0,1,0,0,1,4.5886,0.00627,0.09745482,0,0.0,无信号,-0.020214636302324555
2024-08-06,0,113654.SH,-0.0407438464462757,1.532713,0,1,0,0,1,3.9945,0.03888,0.3878711,0,0.0,无信号,-0.020214636302324555
2024-08-06,1,113561.SH,-0.0913430452346801,1.197616,0,1,0,0,0,1.4018,0.13958,0.37969396,0,0.0,无信号,-0.020214636302324555
2024-08-06,1,113596.SH,0.2860742509365082,1.741149,0,1,1,0,1,1.974,0.09195,0.31652632,0,0.0,无信号,-0.020214636302324555
2024-08-06,0,113610.SH,-0.0911378413438797,3.626061,0,1,1,0,1,2.319,0.10857,0.54329973,1,0.005763336625698805,成交,-0.01445129967662575
2024-08-06,1,123056.SZ,0.1090879663825035,0.362817,0,1,1,0,1,1.8809,0.03074,0.7607019,1,0.032359333494325127,成交,0.017908033817699377
2024-08-07,0,128076.SZ,-0.0863187164068222,4.297526,1,1,0,0,0,1.1855,0.12282,0.35477963,0,0.0,无信号,0.017908033817699377
2024-08-07,0,123171.SZ,0.0136603862047195,1.26708,0,1,0,0,1,4.3094,0.11168,0.23533261,0,0.0,无信号,0.017908033817699377
2024-08-07,0,118037.SH,-0.1115844696760177,1.784714,1,1,1,1,0,4.9117,0.03689,0.3392961,0,0.0,无信号,0.017908033817699377
2024-08-07,0,110095.SH,-0.0297391712665557,0.819585,0,0,0,1,1,5.0021,0.08333,0.18665613,0,0.0,无信号,0.017908033817699377
2024-08-08,0,111016.SH,-0.1093198955059051,2.234494,0,1,1,1,0,4.961,0.06383,0.6279436,1,-0.04380186999542726,成交,-0.025893836177727884
2024-08-08,0,127066.SZ,-0.0641993284225463,2.034392,0,0,0,1,0,3.9151,0.0679,0.1783146,0,0.0,无信号,-0.025893836177727884
2024-08-08,0,127097.SZ,-0.0668013468384742,2.095918,0,1,0,1,0,5.2156,0.3237,0.062034067,0,0.0,无信号,-0.025893836177727884
2024-08-09,0,123059.SZ,-0.0195113308727741,3.377683,0,1,0,0,0,1.9302,0.03002,0.38698032,0,0.0,无信号,-0.025893836177727884
2024-08-09,0,123232.SZ,-0.0757286846637725,12.205818,0,1,0,1,0,5.3005,0.15132,0.096694924,0,0.0,无信号,-0.025893836177727884
2024-08-09,0,123052.SZ,0.2080544382333755,1.193996,0,1,1,0,0,1.8207,0.01829,0.69045365,1,0.018553962735830633,成交,-0.007339873441897252
2024-08-09,0,128108.SZ,0.0593659467995166,0.964415,0,0,1,1,1,1.7988,0.02695,0.61678654,1,0.00964079874250438,成交,0.0023009253006071283
2024-08-09,0,113680.SH,-0.1289042830467224,2.245921,0,1,0,1,0,5.2676,0.03086,0.35043594,0,0.0,无信号,0.0023009253006071283
2024-08-09,0,113640.SH,-0.1323318183422088,1.897929,0,1,1,0,1,3.5209,0.0359,0.52071023,1,-0.02012711864406774,成交,-0.01782619334346061
2024-08-09,0,118007.SH,0.0051619838923215,2.705978,1,1,0,0,1,3.6167,0.01616,0.23506334,0,0.0,无信号,-0.01782619334346061
2024-08-09,0,128144.SZ,0.0090699270367622,0.945667,0,0,1,0,0,2.5572,0.06235,0.4878929,0,0.0,无信号,-0.01782619334346061
2024-08-12,0,123067.SZ,0.0313172824680805,2.687014,0,1,0,0,0,2.0972,0.01834,0.24600895,0,0.0,无信号,-0.01782619334346061
2024-08-12,0,127061.SZ,-0.0019928379915654,0.579248,0,1,1,0,1,3.6879,0.00936,0.7692421,1,-0.016930022573363433,成交,-0.03475621591682404
2024-08-12,0,127033.SZ,0.0866159200668335,1.671272,0,1,1,0,1,2.6749,0.08216,0.24491213,0,0.0,无信号,-0.03475621591682404
2024-08-12,0,110081.SH,-0.0458150096237659,1.075915,0,0,0,0,1,2.9569,0.01953,0.3637592,0,0.0,无信号,-0.03475621591682404
2024-08-12,0,123189.SZ,0.1295509785413742,0.741732,0,1,0,1,1,4.6489,0.28846,0.13295804,0,0.0,无信号,-0.03475621591682404
2024-08-12,0,123215.SZ,-0.0596572682261467,1.845142,0,1,0,1,1,4.9747,0.09091,0.24143241,0,0.0,无信号,-0.03475621591682404
2024-08-13,0,113584.SH,-0.0171525944024324,0.722058,0,0,1,0,0,1.8097,0.03497,0.34884632,0,0.0,无信号,-0.03475621591682404
2024-08-13,0,113676.SH,-0.1269503086805343,2.20924,0,1,1,1,0,5.013,0.04147,0.31862053,0,0.0,无信号,-0.03475621591682404
2024-08-14,0,123208.SZ,-0.0369713604450225,1.840567,0,0,1,1,0,4.9418,0.14876,0.5857887,1,-0.07221883357575187,成交,-0.10697504949257591
2024-08-14,0,127059.SZ,-0.0532987862825393,5.398957,0,1,0,1,0,3.6496,0.03846,0.1900744,0,0.0,无信号,-0.10697504949257591
2024-08-14,0,128056.SZ,0.1190424039959907,0.904436,0,1,1,0,0,0.5421,0.01223,0.76777434,1,-0.014719551282051309,成交,-0.12169460077462722
2024-08-15,0,111002.SH,-0.0082014286890625,0.71797,0,0,1,0,0,3.3128,0.03002,0.39878824,0,0.0,无信号,-0.12169460077462722
2024-08-15,0,113675.SH,-0.0959350615739822,1.313047,0,1,0,1,0,4.9884,0.00889,0.2021213,0,0.0,无信号,-0.12169460077462722
2024-08-15,0,123115.SZ,-0.0283605549484491,1.684187,0,1,0,1,0,2.8118,0.26253,0.22474661,0,0.0,无信号,-0.12169460077462722
2024-08-15,0,123124.SZ,0.0726984590291976,3.363107,0,1,0,0,1,3.0007,0.01271,0.29910266,0,0.0,无信号,-0.12169460077462722
2024-08-16,0,128138.SZ,0.2115548998117447,1.154476,0,1,0,0,0,2.2533,0.07151,0.27807596,0,0.0,无信号,-0.12169460077462722
2024-08-16,0,123196.SZ,0.0565502494573593,1.701097,0,1,1,1,1,4.6708,0.04319,0.33145475,0,0.0,无信号,-0.12169460077462722
2024-08-16,0,123065.SZ,-0.0991477891802787,1.779418,0,1,0,0,0,2.0507,0.04468,0.18847165,0,0.0,无信号,-0.12169460077462722
2024-08-16,0,123064.SZ,-0.1046411991119384,7.490612,0,0,1,0,0,2.0424,0.08183,0.23085932,0,0.0,无信号,-0.12169460077462722
2024-08-19,0,123179.SZ,-0.0851111337542533,3.460058,0,1,0,1,1,4.5476,0.02671,0.23042074,0,0.0,无信号,-0.12169460077462722
2024-08-19,0,123185.SZ,-0.030721366405487,2.899435,0,1,1,1,1,4.6133,0.03125,0.67894965,1,-0.06857924882153177,成交,-0.190273849596159
2024-08-19,0,123186.SZ,0.1092671453952789,1.08657,0,1,0,1,1,4.6133,0.17555,0.1422132,0,0.0,无信号,-0.190273849596159
2024-08-19,0,127091.SZ,-0.0478452071547508,1.374129,0,0,0,1,0,5.0103,0.00901,0.16064577,0,0.0,无信号,-0.190273849596159
2024-08-20,0,123138.SZ,-0.0457482263445854,1.83347,0,1,0,0,0,3.5318,0.03767,0.20006464,0,0.0,无信号,-0.190273849596159
2024-08-20,0,123169.SZ,-0.0683468654751777,1.901631,0,1,0,0,0,4.2601,0.00246,0.05416326,0,0.0,无信号,-0.190273849596159
2024-08-20,1,123198.SZ,0.1145821660757064,1.875594,0,1,0,1,1,4.7995,0.18148,0.15492219,0,0.0,无信号,-0.190273849596159
2024-08-20,0,127019.SZ,0.1154257953166961,0.146732,0,1,1,0,1,1.9001,0.14769,0.2725075,0,0.0,无信号,-0.190273849596159
2024-08-21,0,113658.SH,-0.0238931588828563,1.248226,0,1,1,1,0,3.0691,0.04525,0.5206997,1,-0.0115475119699818,成交,-0.2018213615661408
2024-08-21,1,113654.SH,-0.0407438464462757,1.532713,0,1,0,0,1,3.9535,0.01266,0.5058441,1,0.012639915522703302,成交,-0.1891814460434375
2024-08-21,0,127025.SZ,0.0447184406220912,0.975233,1,0,0,0,0,2.2067,0.05809,0.43545425,0,0.0,无信号,-0.1891814460434375
2024-08-21,0,113569.SH,-0.0216988772153854,2.088596,0,1,1,0,0,1.5469,0.03588,0.7316552,1,-0.01724920562868806,成交,-0.20643065167212557
2024-08-21,1,113601.SH,0.1328290998935699,1.716077,0,1,0,0,1,1.9986,0.05895,0.25717512,0,0.0,无信号,-0.20643065167212557
2024-08-22,0,113545.SH,-0.0336550995707511,1.042943,0,0,0,1,0,1.1444,0.00431,0.5367773,1,0.013896641889708228,成交,-0.19253400978241733
2024-08-22,0,123214.SZ,-0.1158984526991844,4.484695,0,1,0,1,1,4.9391,0.18595,0.06677447,0,0.0,无信号,-0.19253400978241733
2024-08-22,1,123216.SZ,-0.038909874856472,1.648791,0,0,1,1,1,4.95,0.05021,0.36733803,0,0.0,无信号,-0.19253400978241733
2024-08-22,0,123234.SZ,-0.0336627252399921,1.953597,0,1,0,1,0,5.3032,0.61438,0.40076324,0,0.0,无信号,-0.19253400978241733
2024-08-22,1,127098.SZ,-0.1074267327785492,2.326063,1,1,0,1,0,5.2567,0.18405,0.09933317,0,0.0,无信号,-0.19253400978241733
2024-08-22,0,128070.SZ,0.0414135307073593,1.605576,0,1,1,0,0,0.8597,0.28084,0.7351901,1,-0.026741755194334114,成交,-0.21927576497675144
2024-08-22,0,128119.SZ,-0.0704168677330017,0.884696,0,1,0,0,1,1.8891,0.09816,0.130364,0,0.0,无信号,-0.21927576497675144
2024-08-22,0,128122.SZ,0.0099837156012654,1.451994,0,0,0,0,0,0.9172,0.15844,0.45474237,0,0.0,无信号,-0.21927576497675144
2024-08-23,1,127099.SZ,0.2694236636161804,0.57585,0,1,0,1,0,5.2868,0.2129,0.24091734,0,0.0,无信号,-0.21927576497675144
2024-08-23,0,127047.SZ,0.1686329692602157,1.283325,0,1,0,0,1,3.1704,0.03771,0.30959865,0,0.0,无信号,-0.21927576497675144
2024-08-23,0,123183.SZ,0.0684018060564994,2.770728,0,1,1,1,1,4.5804,0.16358,0.3287523,0,0.0,无信号,-0.21927576497675144
2024-08-23,0,123231.SZ,-0.1024300977587699,5.78258,0,1,0,1,0,5.2129,0.04545,0.15201691,0,0.0,无信号,-0.21927576497675144
2024-08-23,0,118006.SH,-0.0958315581083297,13.181205,0,1,1,0,0,3.5592,0.0453,0.16683269,0,0.0,无信号,-0.21927576497675144
2024-08-23,0,113621.SH,0.0510307364165782,1.426848,0,0,0,0,0,2.4257,0.04,0.5422624,1,0.009948710018299452,成交,-0.209327054958452
2024-08-23,0,123076.SZ,0.1427603214979171,1.706875,0,1,1,0,0,2.2396,0.44667,0.11806547,0,0.0,无信号,-0.209327054958452
2024-08-26,0,111018.SH,-0.0629048645496368,2.232483,0,1,0,1,0,5.3306,0.0069,0.069217294,0,0.0,无信号,-0.209327054958452
2024-08-26,0,118011.SH,0.1418280154466629,7.150717,0,1,0,0,1,3.8549,0.0501,0.14135501,0,0.0,无信号,-0.209327054958452
2024-08-26,0,118031.SH,-0.0852448195219039,1.254532,0,0,0,1,1,4.4682,0.05429,0.07146911,0,0.0,无信号,-0.209327054958452
2024-08-27,1,113549.SH,-0.0088582215830683,1.143474,0,0,0,1,0,1.2183,0.02895,0.44945955,0,0.0,无信号,-0.209327054958452
2024-08-27,0,118004.SH,0.0243256371468305,1.715472,0,1,0,1,0,3.3539,0.61576,0.39965644,0,0.0,无信号,-0.209327054958452
2024-08-27,0,123149.SZ,0.0770650431513786,1.220106,1,0,0,1,1,3.8138,0.03125,0.38543504,0,0.0,无信号,-0.209327054958452
2024-08-27,0,123211.SZ,-0.0544729009270668,3.745931,0,1,0,0,1,4.9144,0.01205,0.14984667,0,0.0,无信号,-0.209327054958452
2024-08-27,1,123220.SZ,-0.1801046282052993,5.387322,0,1,0,0,1,4.9747,0.16379,0.06972292,0,0.0,无信号,-0.209327054958452
2024-08-27,1,127041.SZ,-0.1186701580882072,3.258522,0,1,0,1,0,1.8727,0.16168,0.41133738,0,0.0,无信号,-0.209327054958452
2024-08-27,0,127072.SZ,-0.1026974990963935,2.372814,0,0,0,1,0,4.0712,0.03872,0.3128601,0,0.0,无信号,-0.209327054958452
2024-08-28,1,123120.SZ,0.0003684113034978,1.761481,0,1,0,0,0,2.9185,0.00687,0.21018577,0,0.0,无信号,-0.209327054958452
2024-08-29,0,127034.SZ,0.2176621556282043,3.643863,0,1,0,0,1,2.6667,0.0076,0.31790242,0,0.0,无信号,-0.209327054958452
2024-08-29,1,128105.SZ,0.4007714986801147,1.447044,0,1,1,0,1,1.6099,0.01342,0.920465,1,0.02279260780287473,成交,-0.18653444715557727
2024-08-29,0,123197.SZ,-0.10581636428833,8.025088,0,1,0,1,1,4.6899,0.01316,0.07671036,0,0.0,无信号,-0.18653444715557727
2024-08-29,0,123191.SZ,0.0034435775596648,1.25108,1,1,1,0,0,4.6133,0.01242,0.28690487,0,0.0,无信号,-0.18653444715557727
2024-08-29,0,123233.SZ,-0.019811488687992,4.357036,0,1,0,1,1,5.2512,0.01786,0.27155274,0,0.0,无信号,-0.18653444715557727
2024-08-30,0,110073.SH,0.0692361146211624,1.282696,1,0,0,0,0,1.8973,0.01231,0.7414173,1,0.009172480656996782,成交,-0.1773619664985805
2024-08-30,0,113680.SH,-0.1045965030789375,2.35777,0,1,0,1,1,5.2101,0.27684,0.11027947,0,0.0,无信号,-0.1773619664985805
2024-08-30,0,113682.SH,-0.0821669325232505,1.076263,0,0,0,1,0,5.5086,0.00971,0.29484412,0,0.0,无信号,-0.1773619664985805
2024-08-30,0,118007.SH,0.0364195555448532,2.57614,1,1,0,0,1,3.5592,0.01049,0.2675562,0,0.0,无信号,-0.1773619664985805
2024-08-30,0,118010.SH,0.1093253344297409,8.04238,0,1,0,1,1,3.8275,0.13121,0.24318567,0,0.0,无信号,-0.1773619664985805
2024-08-30,1,123049.SZ,0.3124239444732666,1.41684,0,1,1,0,1,1.6181,0.01531,0.8911933,1,0.0255080340264651,成交,-0.1518539324721154
2024-08-30,0,123212.SZ,-0.0208325460553169,1.47386,0,1,1,1,0,4.9062,0.04,0.5261758,1,0.010640289258233892,成交,-0.1412136432138815
2024-09-02,0,127075.SZ,0.1170241236686706,0.459129,0,1,1,1,1,4.1287,0.14286,0.52755815,1,0.026819434249300535,成交,-0.11439420896458097
2024-09-02,0,127061.SZ,0.002976790536195,0.492485,0,1,1,0,1,3.6304,0.00182,0.7509669,1,0.02207686017988551,成交,-0.09231734878469545
2024-09-02,0,127033.SZ,0.1575205326080322,1.618438,0,1,1,0,1,2.6174,0.11461,0.1726247,0,0.0,无信号,-0.09231734878469545
2024-09-02,0,123067.SZ,0.0927928611636161,2.24986,0,1,0,0,0,2.0397,0.00212,0.46230778,0,0.0,无信号,-0.09231734878469545
2024-09-02,0,113625.SH,-0.077286921441555,1.281472,0,1,0,1,0,2.7707,0.00911,0.13376209,0,0.0,无信号,-0.09231734878469545
2024-09-02,0,110081.SH,-0.0448723286390304,1.161645,0,0,0,0,1,2.8994,0.00137,0.25153333,0,0.0,无信号,-0.09231734878469545
2024-09-02,0,123189.SZ,0.2217710763216018,0.725907,0,1,0,1,1,4.5914,0.0948,0.39518797,0,0.0,无信号,-0.09231734878469545
2024-09-03,1,113663.SH,-0.0806052237749099,2.566153,1,1,0,1,0,4.2355,0.01211,0.11830161,0,0.0,无信号,-0.09231734878469545
2024-09-03,0,118038.SH,-0.0473129637539386,1.832592,0,1,0,1,1,4.8679,0.00781,0.26214352,0,0.0,无信号,-0.09231734878469545
2024-09-04,0,123132.SZ,0.1226958483457565,1.580248,0,1,1,0,1,3.2827,0.00935,0.49116576,0,0.0,无信号,-0.09231734878469545
2024-09-05,0,111007.SH,-0.0064397440291941,0.650317,0,1,1,0,0,4.0986,0.02009,0.33319622,0,0.0,无信号,-0.09231734878469545
2024-09-05,0,123052.SZ,0.2697571516036987,1.119387,0,1,1,0,0,1.7467,0.04287,0.5501885,1,0.01121094060586794,成交,-0.08110640817882751
2024-09-05,0,123221.SZ,-2.25851217692e-05,5.650734,0,1,0,0,0,4.9637,0.03004,0.11391899,0,0.0,无信号,-0.08110640817882751
2024-09-06,0,123217.SZ,-0.0073183146305382,3.750957,0,1,0,0,0,4.9199,0.03213,0.13797644,0,0.0,无信号,-0.08110640817882751
2024-09-06,0,123082.SZ,0.2067831307649612,2.50997,0,1,1,0,0,2.2505,0.09732,0.23683412,0,0.0,无信号,-0.08110640817882751
2024-09-06,0,127089.SZ,-0.0754216611385345,1.139792,0,0,0,1,1,4.8624,0.02662,0.084358685,0,0.0,无信号,-0.08110640817882751
2024-09-06,0,111004.SH,0.1381354928016662,2.609183,0,1,0,0,1,3.5619,0.0087,0.22181456,0,0.0,无信号,-0.08110640817882751
2024-09-06,1,118045.SH,0.2406019270420074,3.148479,0,1,1,1,0,5.0157,0.06912,0.5820615,1,0.03658621617045015,成交,-0.04452019200837736
2024-09-09,0,113542.SH,-0.0113281644880771,4.132447,0,0,0,0,0,0.8925,0.00655,0.36471987,0,0.0,无信号,-0.04452019200837736
2024-09-09,0,123163.SZ,-0.0473123826086521,1.822594,0,1,0,0,1,4.0958,0.11211,0.15351614,0,0.0,无信号,-0.04452019200837736
2024-09-09,0,123172.SZ,-0.0206926111131906,1.061274,0,1,1,0,1,4.2656,0.05459,0.37958974,0,0.0,无信号,-0.04452019200837736
2024-09-09,0,123186.SZ,0.139616459608078,1.032797,0,1,0,1,1,4.5558,0.19461,0.13682678,0,0.0,无信号,-0.04452019200837736
2024-09-09,0,123188.SZ,0.0071914107538759,3.029319,0,1,0,1,0,4.5667,0.02108,0.37772048,0,0.0,无信号,-0.04452019200837736
2024-09-09,0,123239.SZ,0.0048374594189226,8.389711,0,1,0,1,0,5.3607,0.10526,0.28629783,0,0.0,无信号,-0.04452019200837736
2024-09-09,0,127069.SZ,-0.0914248451590538,1.913877,0,1,0,0,0,3.9233,0.00414,0.09412115,0,0.0,无信号,-0.04452019200837736
2024-09-09,0,127091.SZ,-0.0483793318271636,1.318345,0,0,0,1,1,4.9528,0.18143,0.13682629,0,0.0,无信号,-0.04452019200837736
2024-09-09,0,127101.SZ,-0.0473757237195968,1.079211,0,1,0,1,0,5.2841,0.28025,0.3404699,0,0.0,无信号,-0.04452019200837736
2024-09-09,0,128142.SZ,-0.0264331195503473,0.543994,0,0,0,0,0,2.2724,0.06591,0.23968093,0,0.0,无信号,-0.04452019200837736
2024-09-10,0,127019.SZ,0.0831467807292938,0.189385,0,1,1,0,1,1.8426,0.10202,0.39830324,0,0.0,无信号,-0.04452019200837736
2024-09-10,0,123078.SZ,0.0009814121294766,2.248014,0,1,1,0,0,2.2122,0.02987,0.6073812,1,-0.006710407197588437,成交,-0.0512305992059658
2024-09-10,0,118041.SH,0.0740363746881485,3.238895,0,1,0,1,0,4.8871,0.01186,0.49013114,0,0.0,无信号,-0.0512305992059658
2024-09-11,0,113577.SH,-0.0215388815850019,1.552588,0,1,0,0,0,1.588,0.21673,0.4109262,0,0.0,无信号,-0.0512305992059658
2024-09-11,0,123147.SZ,0.0702108666300773,1.792422,0,1,1,0,0,3.718,0.03327,0.21726643,0,0.0,无信号,-0.0512305992059658
2024-09-11,0,123156.SZ,-0.013558748178184,1.149052,0,1,0,0,1,3.9288,0.09631,0.1897486,0,0.0,无信号,-0.0512305992059658
2024-09-11,0,123242.SZ,-0.0382938422262668,1.502012,0,1,0,0,0,5.8207,0.06897,0.14739682,0,0.0,无信号,-0.0512305992059658
2024-09-12,0,110076.SH,0.0159407332539558,1.421276,0,0,0,1,0,2.1383,0.16069,0.19803062,0,0.0,无信号,-0.0512305992059658
2024-09-12,0,123101.SZ,-0.0295541621744632,1.51858,0,0,1,0,0,2.4887,0.00954,0.575687,1,-0.010571331139805214,成交,-0.061801930345771014
2024-09-12,1,123166.SZ,0.002273061312735,1.049474,0,1,0,0,1,4.1396,0.01609,0.4088719,0,0.0,无信号,-0.061801930345771014
2024-09-12,0,128070.SZ,0.0439043715596199,1.680818,0,1,1,0,0,0.8022,0.14194,0.63397753,1,-0.013261824338842675,成交,-0.07506375468461368
2024-09-13,0,123183.SZ,0.0684018060564994,2.770728,0,1,1,1,0,4.5229,0.24779,0.20566908,0,0.0,无信号,-0.07506375468461368
2024-09-13,0,128074.SZ,-0.0312623381614685,2.664944,1,1,0,0,0,1.0267,0.01429,0.30765706,0,0.0,无信号,-0.07506375468461368
2024-09-13,0,127047.SZ,0.1876848489046096,1.268147,0,1,0,1,1,3.1129,0.02507,0.4295704,0,0.0,无信号,-0.07506375468461368
2024-09-13,1,123234.SZ,-0.0276046153157949,1.937129,0,1,0,1,1,5.243,0.21302,0.24163076,0,0.0,无信号,-0.07506375468461368
2024-09-13,0,123141.SZ,0.0772987380623817,1.144477,0,1,1,0,0,3.5017,0.09137,0.33314967,0,0.0,无信号,-0.07506375468461368
2024-09-13,0,128131.SZ,-0.0704244002699852,2.29661,0,0,0,1,0,1.9822,0.01044,0.36550713,0,0.0,无信号,-0.07506375468461368
2024-09-13,0,113618.SH,-0.0200323276221752,1.243866,0,1,0,0,0,2.3354,0.00344,0.5819982,1,-0.00492693357508154,成交,-0.07999068825969523
2024-09-13,0,113605.SH,-0.0572716444730758,0.933838,0,0,0,0,0,2.1054,0.03656,0.6511825,1,-0.012484824151347398,成交,-0.09247551241104263
2024-09-13,0,113596.SH,0.3368552327156067,1.858802,0,1,1,0,1,1.87,0.13096,0.35882905,0,0.0,无信号,-0.09247551241104263
2024-09-13,0,111000.SH,-0.0554294884204864,1.485086,0,1,0,0,0,2.6913,0.01017,0.35369128,0,0.0,无信号,-0.09247551241104263
2024-09-13,0,123039.SZ,-0.0346101783215999,1.298339,0,1,1,0,0,1.2841,0.55298,0.50464505,1,-0.0033292632577588076,成交,-0.09580477566880144
2024-09-18,0,111018.SH,-0.0629048645496368,2.232483,0,1,0,1,0,5.2676,0.0875,0.109097205,0,0.0,无信号,-0.09580477566880144
2024-09-18,0,113047.SH,-0.0090947905555367,1.298623,0,0,0,0,0,2.5544,0.00123,0.32798734,0,0.0,无信号,-0.09580477566880144
2024-09-18,0,113623.SH,-0.0453000292181968,0.795172,0,0,0,0,0,2.5517,0.08211,0.18871902,0,0.0,无信号,-0.09580477566880144
2024-09-18,0,113632.SH,0.0369260236620903,1.540678,0,0,1,0,0,3.1622,0.04627,0.33594325,0,0.0,无信号,-0.09580477566880144
2024-09-18,0,123230.SZ,-0.0989792123436927,2.683972,0,1,0,1,1,5.1417,0.1,0.26818338,0,0.0,无信号,-0.09580477566880144
2024-09-19,0,118036.SH,-0.0789547488093376,9.394638,1,1,0,1,1,4.7721,0.00356,0.03878405,0,0.0,无信号,-0.09580477566880144
2024-09-19,0,123022.SZ,-0.0955179333686828,1.190829,1,0,0,0,0,0.4928,0.05303,0.3445597,0,0.0,无信号,-0.09580477566880144
2024-09-19,0,123190.SZ,-0.0235101655125617,1.915751,0,1,0,1,1,4.5476,0.2929,0.21953791,0,0.0,无信号,-0.09580477566880144
2024-09-19,0,128117.SZ,-0.0565005764365196,1.926945,0,1,0,0,0,1.7823,0.04554,0.36062095,0,0.0,无信号,-0.09580477566880144
2024-09-20,0,127103.SZ,-0.0509947873651981,1.542717,0,0,0,1,1,5.2868,0.02581,0.21244001,0,0.0,无信号,-0.09580477566880144
2024-09-20,0,127054.SZ,-0.1072633638978004,2.354896,0,0,0,0,0,3.3922,0.12459,0.15266863,0,0.0,无信号,-0.09580477566880144
2024-09-20,0,127030.SZ,0.1008440852165222,0.471315,0,0,0,1,1,2.4997,0.00245,0.6908339,1,0.005498192306536806,成交,-0.09030658336226463
2024-09-20,0,123226.SZ,-0.0743119046092033,2.145998,0,1,1,1,0,5.0705,0.07075,0.24639192,0,0.0,无信号,-0.09030658336226463
2024-09-20,0,123080.SZ,-0.0082723964005708,3.520931,0,1,0,0,0,2.1985,0.09272,0.19689251,0,0.0,无信号,-0.09030658336226463
2024-09-23,0,111015.SH,-0.1372753232717514,2.797969,0,1,1,1,1,4.783,0.0073,0.18594679,0,0.0,无信号,-0.09030658336226463
2024-09-23,0,123191.SZ,0.0034435775596648,1.25108,1,1,1,0,0,4.5448,0.00297,0.16634217,0,0.0,无信号,-0.09030658336226463
2024-09-23,0,123197.SZ,-0.0968700125813484,8.346405,0,1,0,1,0,4.6215,0.00313,0.030878352,0,0.0,无信号,-0.09030658336226463
2024-09-23,0,127022.SZ,0.0534050315618515,0.685637,0,0,0,0,1,2.0616,0.00107,0.7939811,1,-0.010355686543663412,成交,-0.10066226990592804
2024-09-24,0,128128.SZ,-0.0653830841183662,0.679191,1,0,0,0,0,1.9028,0.00727,0.6391708,1,0.09314080764156028,成交,-0.0075214622643677564
2024-09-24,0,128066.SZ,0.0966370776295661,1.467179,0,1,1,0,0,0.5613,0.03072,0.66267526,1,0.012431230032680075,成交,0.004909767768312319
2024-09-24,0,127079.SZ,-0.181993156671524,8.423119,0,1,1,1,0,4.2272,0.27681,0.07090051,0,0.0,无信号,0.004909767768312319
2024-09-24,0,118007.SH,0.0364195555448532,2.57614,1,1,0,0,1,3.4908,0.01533,0.25431427,0,0.0,无信号,0.004909767768312319
2024-09-24,0,113649.SH,-0.0924641415476799,2.829927,0,1,0,0,1,3.7563,0.02471,0.3626356,0,0.0,无信号,0.004909767768312319
2024-09-24,0,111013.SH,-0.0552729964256286,4.772994,0,1,0,1,0,4.4517,0.02083,0.07913996,0,0.0,无信号,0.004909767768312319
2024-09-24,0,123145.SZ,0.1527432948350906,4.057357,0,0,1,0,0,3.5702,0.0035,0.1549966,0,0.0,无信号,0.004909767768312319
2024-09-25,0,127033.SZ,0.1575205326080322,1.618438,0,1,1,0,1,2.5544,0.1335,0.13105233,0,0.0,无信号,0.004909767768312319
2024-09-25,0,127061.SZ,0.002976790536195,0.492485,0,1,1,0,1,3.5674,0.03723,0.69485426,1,0.19423640117144356,成交,0.19914616893975587
2024-09-25,0,127075.SZ,0.1170241236686706,0.459129,0,1,1,1,1,4.0657,0.13808,0.5197137,1,0.17792864428529123,成交,0.3770748132250471
2024-09-25,0,123194.SZ,-0.0551162287592887,1.986564,0,1,0,0,0,4.5503,0.02671,0.1958769,0,0.0,无信号,0.3770748132250471
2024-09-25,0,113024.SH,0.0129214255139231,1.089987,1,0,0,1,0,0.5339,0.18979,0.42469516,0,0.0,无信号,0.3770748132250471
2024-09-25,1,123130.SZ,0.0535187013447284,2.052195,0,0,0,0,0,3.1266,0.01324,0.5241357,1,0.11199038461538467,成交,0.4890651978404318
2024-09-25,0,123067.SZ,0.0927928611636161,2.24986,0,1,0,0,0,1.9767,0.12121,0.26871827,0,0.0,无信号,0.4890651978404318
2024-09-25,0,110081.SH,-0.0448723286390304,1.161645,0,0,0,0,1,2.8364,0.01071,0.512035,1,0.09474438549649206,成交,0.5838095833369239
2024-09-25,0,123189.SZ,0.2217710763216018,0.725907,0,1,0,1,1,4.5284,0.09064,0.3902076,0,0.0,无信号,0.5838095833369239
2024-09-26,0,113061.SH,-0.0572708025574684,1.42978,0,0,0,0,0,3.7974,0.07813,0.08678541,0,0.0,无信号,0.5838095833369239
2024-09-26,0,113650.SH,0.0027231308631598,2.305103,0,1,0,1,1,3.7618,0.04207,0.55635875,1,0.027835627571493826,成交,0.6116452109084177
2024-09-26,0,118025.SH,-0.1396407335996627,5.404827,0,0,1,0,0,4.0767,0.01786,0.1164904,0,0.0,无信号,0.6116452109084177
2024-09-27,0,111005.SH,-0.0537243150174617,1.3672,0,1,1,1,1,3.7372,0.12334,0.3371525,0,0.0,无信号,0.6116452109084177
2024-09-27,0,118015.SH,-0.1115858033299446,4.496668,0,1,0,0,1,3.8138,0.01572,0.14143328,0,0.0,无信号,0.6116452109084177
2024-09-27,1,118038.SH,-0.0473129637539386,1.832592,0,1,0,1,0,4.8022,0.00735,0.20194203,0,0.0,无信号,0.6116452109084177
2024-09-27,0,123132.SZ,0.1226958483457565,1.580248,0,1,1,0,1,3.2197,0.00457,0.44524783,0,0.0,无信号,0.6116452109084177
2024-09-30,0,113648.SH,0.1354776471853256,0.744408,0,1,0,0,1,3.5674,0.01736,0.6579812,1,0.13006991511834257,成交,0.7417151260267603
2024-09-30,0,113654.SH,-0.02984569221735,1.397526,0,1,1,0,1,3.8439,0.018,0.5100746,1,0.09300201762769454,成交,0.8347171436544548
2024-10-08,1,118044.SH,0.0206579696387052,3.163029,0,1,0,1,0,4.9254,0.05532,0.6346402,1,0.10431182764350888,成交,0.9390289712979637
2024-10-08,0,118033.SH,-0.0004421969642862,4.606129,0,1,0,0,0,4.449,0.04533,0.088057615,0,0.0,无信号,0.9390289712979637
2024-10-08,0,111001.SH,0.0490324310958385,0.992842,1,1,0,0,0,3.0828,0.08065,0.20732546,0,0.0,无信号,0.9390289712979637
2024-10-08,0,113624.SH,0.0128899728879332,3.190943,0,1,0,0,0,2.5517,0.04455,0.15884954,0,0.0,无信号,0.9390289712979637
2024-10-08,0,118024.SH,-0.014599023386836,1.083527,0,0,0,1,0,4.0438,0.12832,0.28558865,0,0.0,无信号,0.9390289712979637
2024-10-09,1,110095.SH,0.0296755004674196,0.748696,0,0,0,1,1,4.8296,0.10236,0.20849264,0,0.0,无信号,0.9390289712979637
2024-10-09,1,113601.SH,0.1124700009822845,1.675815,0,1,1,0,1,1.8645,0.06237,0.21812283,0,0.0,无信号,0.9390289712979637
2024-10-09,1,123161.SZ,0.1464700400829315,1.467801,0,0,1,1,1,4.0055,0.10606,0.33060703,0,0.0,无信号,0.9390289712979637
2024-10-09,0,123186.SZ,0.139616459608078,1.032797,0,1,0,1,1,4.4736,0.31519,0.14892463,0,0.0,无信号,0.9390289712979637
2024-10-10,0,118000.SH,-0.0463155806064605,2.74185,0,1,1,0,1,2.371,0.08005,0.3736414,0,0.0,无信号,0.9390289712979637
2024-10-10,0,123144.SZ,0.0316371321678161,2.42491,0,1,0,0,1,3.5017,0.08644,0.15335587,0,0.0,无信号,0.9390289712979637
2024-10-10,1,127091.SZ,-0.0483793318271636,1.318345,0,0,0,1,0,4.8679,0.28854,0.18001226,0,0.0,无信号,0.9390289712979637
2024-10-10,0,128105.SZ,0.4007714986801147,1.447044,0,1,1,0,0,1.4949,0.04315,0.55567825,1,0.030584380120152906,成交,0.9696133514181166
2024-10-11,0,113519.SH,0.0110739488154649,1.244913,0,0,0,0,0,0.0739,0.23376,0.4570503,0,0.0,无信号,0.9696133514181166
2024-10-11,0,123200.SZ,0.2916578352451324,2.302419,0,1,0,0,0,4.7091,0.36271,0.082398996,0,0.0,无信号,0.9696133514181166
2024-10-14,0,127068.SZ,-0.0398684293031692,1.484536,0,1,1,0,1,3.8275,0.17365,0.27172682,0,0.0,无信号,0.9696133514181166
2024-10-14,0,123215.SZ,0.0388005897402763,1.686993,0,1,0,1,1,4.8022,0.43123,0.2224788,0,0.0,无信号,0.9696133514181166
2024-10-15,1,123100.SZ,-0.1605647653341293,2.099632,0,1,0,0,0,2.319,0.34144,0.08190698,0,0.0,无信号,0.9696133514181166
2024-10-15,1,127044.SZ,0.0038299506995826,1.425435,0,1,0,0,1,2.8337,0.0787,0.20913379,0,0.0,无信号,0.9696133514181166
2024-10-16,0,113644.SH,0.0067654042504727,1.933233,0,1,0,1,0,3.4962,0.48635,0.16692406,0,0.0,无信号,0.9696133514181166
2024-10-16,0,113681.SH,-0.0936536118388176,1.320252,1,1,0,1,0,5.2019,0.56069,0.10279646,0,0.0,无信号,0.9696133514181166
2024-10-16,1,123088.SZ,0.0428086444735527,4.140264,0,1,0,0,0,2.1629,0.13751,0.3524761,0,0.0,无信号,0.9696133514181166
2024-10-16,0,123183.SZ,0.0684018060564994,2.770728,0,1,1,1,0,4.4326,0.61408,0.37139037,0,0.0,无信号,0.9696133514181166
2024-10-16,0,123216.SZ,-0.0230359155684709,1.669666,0,0,1,1,1,4.7995,0.57934,0.2962872,0,0.0,无信号,0.9696133514181166
2024-10-16,1,127047.SZ,0.1876848489046096,1.268147,0,1,0,1,1,3.0226,0.13256,0.20036079,0,0.0,无信号,0.9696133514181166
2024-10-16,0,127085.SZ,-0.0689171478152275,1.496433,0,0,0,1,0,4.4846,0.55522,0.039244905,0,0.0,无信号,0.9696133514181166
2024-10-17,0,127026.SZ,-0.0807617083191871,2.618647,1,0,0,0,0,2.141,0.19248,0.13609768,0,0.0,无信号,0.9696133514181166
2024-10-17,1,110082.SH,-0.0561552941799163,2.543647,0,0,0,0,0,3.0281,0.36963,0.052093163,0,0.0,无信号,0.9696133514181166
2024-10-18,0,113627.SH,-0.0589835979044437,2.996668,0,0,1,0,0,2.7379,0.05332,0.48981288,0,0.0,无信号,0.9696133514181166
2024-10-18,0,113639.SH,0.0326506756246089,0.914148,0,0,0,0,0,3.2663,0.52813,0.04447569,0,0.0,无信号,0.9696133514181166
2024-10-18,0,113670.SH,-0.1034051328897476,1.189748,0,0,0,1,0,4.4956,0.18129,0.032503914,0,0.0,无信号,0.9696133514181166
2024-10-18,0,118012.SH,0.0869158059358596,2.840904,0,1,0,0,0,3.7125,0.22659,0.047505558,0,0.0,无信号,0.9696133514181166
2024-10-18,0,123049.SZ,0.3124239444732666,1.41684,0,1,1,0,1,1.4839,0.15284,0.53595096,1,0.05732504905166776,成交,1.0269384004697844
2024-10-18,0,123138.SZ,-0.0240940358489751,1.753739,0,1,0,0,0,3.3703,0.40806,0.12208988,0,0.0,无信号,1.0269384004697844
2024-10-18,1,123230.SZ,-0.0989792123436927,2.683972,0,1,0,1,0,5.0595,0.64251,0.09225664,0,0.0,无信号,1.0269384004697844
2024-10-21,0,127035.SZ,-0.0308764688670635,1.691007,0,0,0,0,0,1.5934,0.22236,0.26600787,0,0.0,无信号,1.0269384004697844
2024-10-22,1,113625.SH,-0.077286921441555,1.281472,0,1,0,1,0,2.6338,0.08532,0.06879704,0,0.0,无信号,1.0269384004697844
2024-10-22,0,118007.SH,0.0364195555448532,2.57614,1,1,0,0,0,3.4141,0.25415,0.054773334,0,0.0,无信号,1.0269384004697844
2024-10-23,0,123189.SZ,0.1902865022420883,0.734708,0,1,0,1,1,4.4517,0.46779,0.07368484,0,0.0,无信号,1.0269384004697844
2024-10-23,0,113593.SH,-0.0942569151520729,3.283318,0,1,0,0,0,1.7385,0.51578,0.25640458,0,0.0,无信号,1.0269384004697844
2024-10-23,0,127033.SZ,0.1575205326080322,1.618438,0,1,1,0,1,2.4778,0.12864,0.1295323,0,0.0,无信号,1.0269384004697844
2024-10-23,1,111003.SH,-0.1532405167818069,1.307859,0,1,0,0,0,3.3703,0.46116,0.06435921,0,0.0,无信号,1.0269384004697844
2024-10-23,0,111018.SH,-0.0629048645496368,2.232483,0,1,0,1,0,5.1718,0.25,0.08896963,0,0.0,无信号,1.0269384004697844
2024-10-24,1,110081.SH,-0.0448723286390304,1.161645,0,0,0,0,1,2.757,0.15203,0.41782132,0,0.0,无信号,1.0269384004697844
2024-10-24,0,128105.SZ,0.4007714986801147,1.447044,0,1,1,0,0,1.4565,0.05297,0.40805736,0,0.0,无信号,1.0269384004697844
2024-10-25,0,113636.SH,-0.0894093438982963,1.048949,0,1,1,1,0,3.1321,0.25444,0.09389592,0,0.0,无信号,1.0269384004697844
2024-10-25,0,113680.SH,-0.1045965030789375,2.35777,0,1,0,1,0,5.0568,0.45714,0.08790696,0,0.0,无信号,1.0269384004697844
2024-10-25,0,118020.SH,0.2303758412599563,1.356288,0,1,0,0,1,3.9124,0.22199,0.24771023,0,0.0,无信号,1.0269384004697844
2024-10-25,0,118023.SH,0.0772060453891754,1.45957,0,1,0,0,1,3.9671,0.26964,0.12660949,0,0.0,无信号,1.0269384004697844
2024-10-25,0,118034.SH,-0.0449145548045635,1.180625,0,0,0,0,1,4.4846,0.56395,0.1727811,0,0.0,无信号,1.0269384004697844
2024-10-25,0,127056.SZ,-0.0607235319912433,1.069379,1,0,0,0,0,3.3347,0.06732,0.22522543,0,0.0,无信号,1.0269384004697844
2024-10-25,0,127060.SZ,-0.0426256395876407,1.325001,0,1,0,0,1,3.4825,0.26702,0.2287715,0,0.0,无信号,1.0269384004697844
2024-10-28,0,128125.SZ,-0.1124109625816345,1.599052,0,1,0,0,0,1.7522,0.52778,0.25114095,0,0.0,无信号,1.0269384004697844
2024-10-28,0,128071.SZ,-0.0716011151671409,1.332285,0,0,0,0,0,0.7995,0.10697,0.24927227,0,0.0,无信号,1.0269384004697844
2024-10-28,0,127097.SZ,-0.0205298233777284,1.932654,0,1,0,1,0,4.9938,0.5426,0.2711238,0,0.0,无信号,1.0269384004697844
2024-10-28,0,127077.SZ,-0.0496132969856262,2.192191,0,1,1,0,0,4.0958,0.23077,0.2422781,0,0.0,无信号,1.0269384004697844
2024-10-28,0,113682.SH,-0.0738533288240432,1.221579,0,0,0,1,0,5.347,0.51825,0.03945172,0,0.0,无信号,1.0269384004697844
2024-10-28,0,127089.SZ,-0.0754216611385345,1.139792,0,0,0,1,1,4.7201,0.44178,0.025041942,0,0.0,无信号,1.0269384004697844
2024-10-29,0,113579.SH,-0.058880653232336,2.382734,0,0,0,0,0,1.4812,0.3097,0.40846226,0,0.0,无信号,1.0269384004697844
2024-10-29,0,118033.SH,-0.0004421969642862,4.606129,0,1,0,0,0,4.3915,0.47011,0.03384058,0,0.0,无信号,1.0269384004697844
2024-10-29,0,123162.SZ,0.0941669642925262,1.656173,1,1,0,0,0,3.9589,0.35714,0.07603483,0,0.0,无信号,1.0269384004697844
2024-10-29,1,128101.SZ,0.0834393799304962,0.844714,0,1,0,0,0,1.3771,0.18579,0.23746681,0,0.0,无信号,1.0269384004697844
2024-10-29,0,128108.SZ,0.0611423067748546,1.54065,0,0,1,1,1,1.577,0.11027,0.3527639,0,0.0,无信号,1.0269384004697844
2024-10-29,0,128131.SZ,-0.0704244002699852,2.29661,0,0,0,1,0,1.8563,0.19634,0.101997875,0,0.0,无信号,1.0269384004697844
2024-10-30,0,110063.SH,0.1287729293107986,0.448173,0,0,1,0,0,1.1198,0.09888,0.54275197,1,0.022945086370135644,成交,1.04988348683992
2024-10-30,0,123186.SZ,0.0932458192110061,1.026892,0,1,0,1,1,4.4162,0.53022,0.12558477,0,0.0,无信号,1.04988348683992
2024-11-01,0,127098.SZ,-0.0587074942886829,2.550644,1,1,1,1,0,5.0623,0.40097,0.22005405,0,0.0,无信号,1.04988348683992
2024-11-01,0,113618.SH,0.0060841422528028,1.217863,0,1,0,0,0,2.2012,0.14222,0.3036694,0,0.0,无信号,1.04988348683992
2024-11-01,1,123099.SZ,0.2089565694332122,1.5649,0,1,1,0,1,2.2724,0.08462,0.25303015,0,0.0,无信号,1.04988348683992
2024-11-01,0,128074.SZ,-0.0766504406929016,2.920075,1,1,0,0,0,0.8925,0.25862,0.23043236,0,0.0,无信号,1.04988348683992
2024-11-05,0,128134.SZ,-0.0166729297488927,1.63632,0,0,0,0,0,1.9247,0.06192,0.14134595,0,0.0,无信号,1.04988348683992
2024-11-05,0,118040.SH,-0.0020099529065191,1.405694,0,1,1,0,0,4.7173,0.27055,0.16557708,0,0.0,无信号,1.04988348683992
2024-11-06,0,113046.SH,-0.0650970935821533,1.952564,0,0,0,0,0,2.371,0.09977,0.1877976,0,0.0,无信号,1.04988348683992
2024-11-06,0,123183.SZ,0.0745661035180091,2.756586,0,1,1,1,0,4.3751,0.5027,0.1874033,0,0.0,无信号,1.04988348683992
2024-11-07,0,113589.SH,-0.0036036951933056,2.813881,0,1,0,1,0,1.6263,0.10951,0.4551447,0,0.0,无信号,1.04988348683992
2024-11-07,1,128138.SZ,0.2296723425388336,1.247335,0,1,0,0,0,2.026,0.20686,0.38322726,0,0.0,无信号,1.04988348683992
2024-11-08,0,113670.SH,-0.0987208113074302,1.246768,0,0,0,1,0,4.4381,0.2549,0.02965498,0,0.0,无信号,1.04988348683992
2024-11-11,0,123072.SZ,0.0040460349991917,1.4919,0,1,0,0,0,1.9411,0.27715,0.2868005,0,0.0,无信号,1.04988348683992
2024-11-11,1,123185.SZ,-0.016455641016364,2.484147,0,1,1,0,0,4.3833,0.40751,0.08971916,0,0.0,无信号,1.04988348683992
2024-11-12,0,118007.SH,0.0575869344174861,2.389267,1,1,0,0,0,3.3566,0.30956,0.061496805,0,0.0,无信号,1.04988348683992
2024-11-12,0,123216.SZ,-0.0107463942840695,1.609428,0,0,1,1,0,4.7255,0.67586,0.28795508,0,0.0,无信号,1.04988348683992
2024-11-13,0,123189.SZ,0.1902865022420883,0.734708,0,1,0,1,0,4.3943,0.53495,0.067615196,0,0.0,无信号,1.04988348683992
2024-11-13,0,123197.SZ,-0.0595689490437507,7.456249,0,1,0,1,0,4.4819,0.24501,0.066807166,0,0.0,无信号,1.04988348683992
2024-11-13,0,127033.SZ,0.226770207285881,1.498506,0,1,1,0,1,2.4203,0.21335,0.2041791,0,0.0,无信号,1.04988348683992
2024-11-14,0,113643.SH,-0.0835189744830131,2.107,0,1,0,0,0,3.3593,0.15534,0.08071949,0,0.0,无信号,1.04988348683992
2024-11-15,0,113601.SH,0.1296989321708679,1.661619,0,1,1,0,1,1.7632,0.1592,0.1779265,0,0.0,无信号,1.04988348683992
2024-11-15,0,118023.SH,0.0974246859550476,1.490147,0,1,0,0,1,3.9097,0.36626,0.07858184,0,0.0,无信号,1.04988348683992
2024-11-15,0,118044.SH,0.0437719002366066,3.131774,0,1,1,1,0,4.8214,0.28137,0.23881608,0,0.0,无信号,1.04988348683992
2024-11-15,0,123049.SZ,0.3207985460758209,1.406929,0,1,1,0,0,1.4073,0.23422,0.61288667,1,0.007350523241193792,成交,1.057234010081114
2024-11-18,0,128071.SZ,-0.0744697675108909,1.219175,0,0,0,0,0,0.742,0.14652,0.30954957,0,0.0,无信号,1.057234010081114
2024-11-19,0,113661.SH,-0.0712709724903106,8.257177,0,0,0,1,0,4.0082,0.19256,0.043286238,0,0.0,无信号,1.057234010081114
2024-11-19,0,118033.SH,0.0043181716464459,4.190477,0,1,0,0,0,4.334,0.53264,0.060998347,0,0.0,无信号,1.057234010081114
2024-11-19,1,128131.SZ,-0.0542377196252346,2.15046,0,0,0,1,0,1.7988,0.2495,0.2538686,0,0.0,无信号,1.057234010081114
2024-11-20,0,118027.SH,0.3848468065261841,1.904243,0,1,0,0,1,4.0219,0.39083,0.16694441,0,0.0,无信号,1.057234010081114
2024-11-21,1,123186.SZ,0.0932458192110061,1.026892,0,1,0,1,0,4.3559,0.56316,0.13096899,0,0.0,无信号,1.057234010081114
2024-11-21,0,127090.SZ,-0.123204305768013,3.009834,0,1,0,0,0,4.6708,0.15512,0.12200922,0,0.0,无信号,1.057234010081114
2024-11-22,0,110086.SH,-0.0808931961655616,1.563164,0,0,0,0,1,3.4141,0.35149,0.03097005,0,0.0,无信号,1.057234010081114
2024-11-22,1,113574.SH,0.0409908145666122,2.65275,0,1,0,0,0,1.3525,0.68897,0.21513408,0,0.0,无信号,1.057234010081114
2024-11-25,0,123215.SZ,0.0736067816615104,1.444191,0,1,0,1,1,4.6872,0.41137,0.13652365,0,0.0,无信号,1.057234010081114
2024-11-26,0,128134.SZ,-0.0166729297488927,1.63632,0,0,0,0,0,1.8672,0.09654,0.1681783,0,0.0,无信号,1.057234010081114
2024-11-27,1,113608.SH,0.0319978110492229,1.688801,0,1,0,0,0,1.9493,0.11387,0.23342094,0,0.0,无信号,1.057234010081114
2024-11-28,0,123090.SZ,-0.0449606664478778,1.416354,0,0,0,0,0,2.0616,0.1656,0.3515825,0,0.0,无信号,1.057234010081114
2024-11-29,0,113670.SH,-0.0987208113074302,1.246768,0,0,0,1,0,4.3806,0.27151,0.033637065,0,0.0,无信号,1.057234010081114
2024-11-29,0,123138.SZ,0.0153139550238847,1.626077,0,1,0,0,0,3.2553,0.48615,0.09085102,0,0.0,无信号,1.057234010081114
2024-11-29,0,127066.SZ,-0.0663335770368576,2.00078,0,0,0,0,0,3.6057,0.59107,0.039088275,0,0.0,无信号,1.057234010081114
2024-12-02,0,127071.SZ,-0.0821604207158088,2.259228,1,0,0,1,0,3.7207,0.24197,0.06443603,0,0.0,无信号,1.057234010081114
2024-12-03,0,118007.SH,0.0575869344174861,2.389267,1,1,0,0,0,3.2991,0.30063,0.056437664,0,0.0,无信号,1.057234010081114
2024-12-04,0,113616.SH,-0.0786259397864341,2.531772,0,0,0,0,0,2.0643,0.33798,0.084719926,0,0.0,无信号,1.057234010081114
2024-12-04,0,123189.SZ,0.1902865022420883,0.734708,0,1,0,1,0,4.3368,0.50388,0.08317791,0,0.0,无信号,1.057234010081114
2024-12-04,0,127033.SZ,0.226770207285881,1.498506,0,1,1,0,1,2.3628,0.25176,0.18719336,0,0.0,无信号,1.057234010081114
2024-12-05,1,123082.SZ,0.2045666724443435,2.71348,0,1,1,0,0,2.0041,0.43428,0.10089337,0,0.0,无信号,1.057234010081114
2024-12-06,0,118035.SH,-0.0007645006407983,2.926866,0,1,0,1,0,4.5147,0.54971,0.21189378,0,0.0,无信号,1.057234010081114
2024-12-06,0,118023.SH,0.0974246859550476,1.490147,0,1,0,0,1,3.8522,0.48104,0.07801683,0,0.0,无信号,1.057234010081114
2024-12-06,0,113633.SH,-0.1253699362277984,1.878441,0,0,0,0,0,2.9815,0.38559,0.079939306,0,0.0,无信号,1.057234010081114
2024-12-06,0,113597.SH,-0.1541196405887603,2.15713,0,1,0,0,0,1.6454,0.17454,0.22720002,0,0.0,无信号,1.057234010081114
2024-12-06,0,113601.SH,0.1296989321708679,1.661619,0,1,1,0,0,1.7057,0.18824,0.21506156,0,0.0,无信号,1.057234010081114
2024-12-06,0,113606.SH,-0.1494420319795608,2.707528,0,1,0,0,0,1.8973,0.10429,0.24703118,0,0.0,无信号,1.057234010081114
2024-12-09,0,127022.SZ,0.0672252029180526,0.667931,0,0,1,0,0,1.8508,0.04476,0.21369018,0,0.0,无信号,1.057234010081114
2024-12-10,1,128071.SZ,-0.0744697675108909,1.219175,0,0,0,0,0,0.6817,0.17233,0.3356104,0,0.0,无信号,1.057234010081114
2024-12-10,1,113047.SH,0.0129887703806161,1.284074,0,0,0,0,0,2.3272,0.06437,0.24001515,0,0.0,无信号,1.057234010081114
2024-12-10,0,113661.SH,-0.0712709724903106,8.257177,0,0,0,1,0,3.9507,0.16949,0.0568666,0,0.0,无信号,1.057234010081114
2024-12-10,0,118033.SH,0.0043181716464459,4.190477,0,1,0,0,0,4.2765,0.34422,0.049289383,0,0.0,无信号,1.057234010081114
2024-12-10,1,123064.SZ,-0.0640318617224693,7.44406,0,0,1,0,0,1.7248,0.05217,0.23779331,0,0.0,无信号,1.057234010081114
2024-12-13,0,123091.SZ,-0.0510764271020889,1.96811,0,0,0,0,0,2.026,0.23835,0.25690532,0,0.0,无信号,1.057234010081114
2024-12-13,0,118006.SH,-0.0800489261746406,5.653369,0,1,1,0,0,3.2526,0.2983,0.0482174,0,0.0,无信号,1.057234010081114
2024-12-13,0,128097.SZ,-0.0691875293850898,1.808559,0,1,0,0,0,1.2019,0.19948,0.3068259,0,0.0,无信号,1.057234010081114
2024-12-13,0,118005.SH,-0.0040964111685752,2.67093,0,1,0,0,0,3.1211,0.55407,0.04243139,0,0.0,无信号,1.057234010081114
2024-12-13,0,128138.SZ,0.2296723425388336,1.247335,0,1,1,0,0,1.9274,0.23983,0.33783993,0,0.0,无信号,1.057234010081114
2024-12-13,0,113618.SH,0.0060841422528028,1.217863,0,1,0,0,0,2.0862,0.19677,0.21171476,0,0.0,无信号,1.057234010081114
2024-12-13,0,110086.SH,-0.0808931961655616,1.563164,0,0,0,0,0,3.3566,0.44283,0.02994841,0,0.0,无信号,1.057234010081114
2024-12-13,0,113638.SH,0.0128499697893857,1.243971,0,0,0,0,0,3.0418,0.7604,0.11578786,0,0.0,无信号,1.057234010081114
2024-12-13,0,113049.SH,-0.1131267100572586,1.130033,0,0,0,0,0,2.4887,0.40602,0.045656845,0,0.0,无信号,1.057234010081114
2024-12-13,0,110092.SH,-0.0430686138570308,1.140332,0,1,0,1,1,4.0657,0.46652,0.289883,0,0.0,无信号,1.057234010081114
2024-12-17,0,118011.SH,0.162298321723938,5.358221,0,1,0,0,0,3.5455,0.5986,0.043356977,0,0.0,无信号,1.057234010081114
2024-12-17,0,118031.SH,-0.0333811342716217,1.317295,0,0,0,0,0,4.1588,0.32783,0.124090046,0,0.0,无信号,1.057234010081114
2024-12-17,0,118042.SH,-0.0688237398862838,1.447834,0,1,0,1,0,4.6461,0.24675,0.034789097,0,0.0,无信号,1.057234010081114
2024-12-17,1,123215.SZ,0.0736067816615104,1.444191,0,1,0,1,0,4.627,0.44127,0.14013052,0,0.0,无信号,1.057234010081114
2024-12-17,0,127038.SZ,-0.1540403217077255,4.759866,1,0,0,0,0,2.4778,0.22464,0.054216307,0,0.0,无信号,1.057234010081114
2024-12-17,0,128134.SZ,-0.0166729297488927,1.63632,0,0,0,0,0,1.8097,0.20621,0.15658666,0,0.0,无信号,1.057234010081114
2024-12-19,0,123200.SZ,0.0974521115422248,2.382996,0,1,0,0,0,4.5202,0.52035,0.041527182,0,0.0,无信号,1.057234010081114
2024-12-19,0,127089.SZ,-0.0951267108321189,1.115509,0,0,0,1,0,4.5777,0.3697,0.033086482,0,0.0,无信号,1.057234010081114
2024-12-19,0,110085.SH,-0.0021234266459941,1.085375,0,0,0,1,0,3.1814,0.22823,0.12362408,0,0.0,无信号,1.057234010081114
2024-12-19,0,111014.SH,-0.1680476367473602,2.104119,0,0,0,1,0,4.501,0.7052,0.079717256,0,0.0,无信号,1.057234010081114
2024-12-19,0,113542.SH,-0.0031060159672051,4.126035,0,0,0,0,0,0.616,0.25175,0.24360992,0,0.0,无信号,1.057234010081114
2024-12-20,0,113670.SH,-0.0987208113074302,1.246768,0,0,0,1,0,4.3231,0.48837,0.04377511,0,0.0,无信号,1.057234010081114
2024-12-20,0,118010.SH,0.1346859782934188,9.134413,0,1,0,1,0,3.5209,0.33854,0.16656926,0,0.0,无信号,1.057234010081114
2024-12-20,0,123165.SZ,-0.0032435478642582,1.516481,0,1,0,0,0,3.8522,0.30375,0.10498858,0,0.0,无信号,1.057234010081114
2024-12-20,0,128074.SZ,-0.0766504406929016,2.920075,1,1,0,0,0,0.7584,0.30567,0.45246974,0,0.0,无信号,1.057234010081114
2024-12-23,0,110081.SH,-0.0304434336721897,1.126638,0,0,1,0,0,2.5927,0.17391,0.34145486,0,0.0,无信号,1.057234010081114
2024-12-24,0,118007.SH,0.0575869344174861,2.389267,1,1,0,0,0,3.2416,0.32612,0.04519348,0,0.0,无信号,1.057234010081114
2024-12-24,0,123132.SZ,0.1497487723827362,1.354016,0,1,1,0,0,2.9788,0.20028,0.107591145,0,0.0,无信号,1.057234010081114
2024-12-25,0,123189.SZ,0.1902865022420883,0.734708,0,1,0,1,0,4.2793,0.44527,0.06755157,0,0.0,无信号,1.057234010081114
2024-12-26,0,111010.SH,0.3803236186504364,1.702635,0,0,1,0,0,3.885,0.44242,0.1473034,0,0.0,无信号,1.057234010081114
2024-12-26,0,123159.SZ,-0.0133629199117422,2.362125,0,1,0,0,0,3.7536,0.42884,0.03917072,0,0.0,无信号,1.057234010081114
2024-12-27,0,118023.SH,0.0974246859550476,1.490147,0,1,0,0,0,3.7947,0.43217,0.061450496,0,0.0,无信号,1.057234010081114
2024-12-30,0,128136.SZ,-0.0949975177645683,1.222079,0,0,0,0,0,1.8426,0.81339,0.13994327,0,0.0,无信号,1.057234010081114
2024-12-30,0,127017.SZ,-0.0640851855278015,2.083104,1,0,1,1,0,1.4237,0.07989,0.46613353,0,0.0,无信号,1.057234010081114
2024-12-30,0,113601.SH,0.1296989321708679,1.661619,0,1,1,0,1,1.64,0.16795,0.3299125,0,0.0,无信号,1.057234010081114
2024-12-30,0,127016.SZ,-0.0038062336388975,3.884183,0,0,0,0,0,1.2731,0.43099,0.17066991,0,0.0,无信号,1.057234010081114
2024-12-31,0,118000.SH,-0.0479316376149654,2.766474,0,1,1,0,0,2.1465,0.1837,0.2921172,0,0.0,无信号,1.057234010081114
2024-12-31,0,118033.SH,0.0043181716464459,4.190477,0,1,0,0,0,4.219,0.17918,0.0619999,0,0.0,无信号,1.057234010081114
2024-12-31,0,123049.SZ,0.3207985460758209,1.406929,0,1,1,0,0,1.2813,0.144,0.67909044,1,-0.023490787648940036,成交,1.0337432224321739
2025-01-02,0,113656.SH,0.1032721176743507,1.470603,0,1,0,1,0,3.6632,0.0705,0.33891153,0,0.0,无信号,1.0337432224321739
2025-01-03,0,110076.SH,0.0279130786657333,1.404021,0,0,0,1,0,1.8289,0.35211,0.12074411,0,0.0,无信号,1.0337432224321739
2025-01-03,0,127018.SZ,-0.0706751123070716,0.645818,1,0,0,0,0,1.4839,0.29869,0.21391992,0,0.0,无信号,1.0337432224321739
2025-01-06,0,110086.SH,-0.0808931961655616,1.563164,0,0,0,0,0,3.2909,0.34119,0.028421117,0,0.0,无信号,1.0337432224321739
2025-01-06,0,128135.SZ,-0.1526411324739456,3.329625,0,0,0,0,0,1.7851,0.077,0.21303423,0,0.0,无信号,1.0337432224321739
2025-01-07,0,127079.SZ,-0.1792016476392746,2.552152,0,1,1,1,0,3.9398,0.32553,0.08072292,0,0.0,无信号,1.0337432224321739
2025-01-08,0,128134.SZ,-0.0166729297488927,1.63632,0,0,0,0,0,1.7495,0.15878,0.18302782,0,0.0,无信号,1.0337432224321739
2025-01-08,0,127064.SZ,-0.0463781915605068,1.234557,1,0,0,1,0,3.3593,0.10033,0.2739324,0,0.0,无信号,1.0337432224321739
2025-01-08,0,123093.SZ,-0.0753112137317657,3.899226,0,1,1,0,0,2.0287,0.069,0.33292887,0,0.0,无信号,1.0337432224321739
2025-01-08,0,118029.SH,-0.0800622329115867,2.731688,0,1,1,0,0,3.9343,0.2578,0.057770338,0,0.0,无信号,1.0337432224321739
2025-01-08,0,110095.SH,0.0678808614611625,0.748267,0,0,1,1,0,4.5804,0.28302,0.1132946,0,0.0,无信号,1.0337432224321739
2025-01-08,0,118031.SH,-0.0333811342716217,1.317295,0,0,0,0,0,4.0986,0.16173,0.19134612,0,0.0,无信号,1.0337432224321739
2025-01-10,0,118036.SH,-0.1089256927371025,10.253258,1,1,0,1,0,4.4627,0.16854,0.0830138,0,0.0,无信号,1.0337432224321739
2025-01-13,0,113670.SH,-0.0987208113074302,1.246768,0,0,0,1,0,4.2574,0.21393,0.041635603,0,0.0,无信号,1.0337432224321739
2025-01-13,0,123080.SZ,0.0123982522636652,3.951797,0,1,0,0,0,1.8836,0.03976,0.19393152,0,0.0,无信号,1.0337432224321739
2025-01-13,0,127030.SZ,0.115493394434452,0.47756,0,0,0,1,0,2.1848,0.12907,0.14101668,0,0.0,无信号,1.0337432224321739
2025-01-14,1,118027.SH,0.3848468065261841,1.904243,0,1,0,0,1,3.8713,0.15121,0.46965107,0,0.0,无信号,1.0337432224321739
2025-01-14,0,123039.SZ,-0.0313120894134044,1.37998,0,1,1,0,0,0.9473,0.73295,0.55321807,1,0.017489469250210558,成交,1.0512326916823844
2025-01-14,0,127102.SZ,-0.1387099474668502,0.939799,1,0,0,1,0,4.9446,0.34361,0.12515186,0,0.0,无信号,1.0512326916823844
2025-01-15,0,118007.SH,0.0575869344174861,2.389267,1,1,0,0,0,3.1814,0.25378,0.05862665,0,0.0,无信号,1.0512326916823844
2025-01-15,0,123126.SZ,0.0045503848232328,1.811831,0,1,1,0,0,2.6502,0.4371,0.18807423,0,0.0,无信号,1.0512326916823844
2025-01-15,0,127047.SZ,0.2142220884561538,1.075663,0,1,1,1,1,2.7734,0.11346,0.43280932,0,0.0,无信号,1.0512326916823844
2025-01-16,0,128137.SZ,0.0017750391270965,1.452321,0,1,0,0,0,1.7988,0.04705,0.2033989,0,0.0,无信号,1.0512326916823844
2025-01-16,0,123189.SZ,0.1902865022420883,0.734708,0,1,0,1,0,4.219,0.33573,0.10715409,0,0.0,无信号,1.0512326916823844
2025-01-16,0,113665.SH,0.0522710159420967,1.385882,0,1,0,0,0,3.9124,0.18557,0.11475504,0,0.0,无信号,1.0512326916823844
2025-01-16,0,123172.SZ,-0.0203358866274356,1.005748,0,1,1,0,0,3.9124,0.14344,0.40492752,0,0.0,无信号,1.0512326916823844
2025-01-16,0,113574.SH,0.0409908145666122,2.65275,0,1,1,0,0,1.2019,0.20892,0.23875138,0,0.0,无信号,1.0512326916823844
2025-01-16,0,113652.SH,0.1356505155563354,1.996397,0,0,1,1,0,3.5127,0.64846,0.17625785,0,0.0,无信号,1.0512326916823844
2025-01-16,0,110081.SH,-0.0304434336721897,1.126638,0,0,1,0,0,2.527,0.12287,0.4711073,0,0.0,无信号,1.0512326916823844
2025-01-20,0,111009.SH,0.1359456032514572,0.926923,0,0,0,0,0,3.7974,0.19223,0.091217496,0,0.0,无信号,1.0512326916823844
2025-01-20,0,113053.SH,-0.1625266671180725,1.453107,0,0,0,1,0,2.9569,0.10311,0.07178685,0,0.0,无信号,1.0512326916823844
2025-01-20,0,113605.SH,-0.0600908771157264,0.917842,0,0,1,0,0,1.7522,0.06022,0.37175888,0,0.0,无信号,1.0512326916823844
2025-01-20,0,118014.SH,-0.0653337836265564,1.747843,0,1,0,1,0,3.4908,0.05442,0.08195519,0,0.0,无信号,1.0512326916823844
2025-01-20,0,118023.SH,0.0974246859550476,1.490147,0,1,0,0,0,3.729,0.48211,0.070153944,0,0.0,无信号,1.0512326916823844
2025-01-20,0,118034.SH,-0.0390444099903106,1.35212,0,0,0,0,1,4.2464,0.0198,0.28117433,0,0.0,无信号,1.0512326916823844
2025-01-20,0,127088.SZ,-0.0066786408424377,1.335455,0,1,0,0,0,4.449,0.18457,0.09799419,0,0.0,无信号,1.0512326916823844
2025-01-20,0,127097.SZ,0.0027322478126734,1.837204,0,1,0,1,0,4.7639,0.48936,0.239209,0,0.0,无信号,1.0512326916823844
2025-01-20,0,128108.SZ,0.0934915244579315,1.849187,0,0,1,1,1,1.3498,0.07748,0.2862827,0,0.0,无信号,1.0512326916823844
2025-01-21,0,128136.SZ,-0.0949975177645683,1.222079,0,0,0,0,0,1.7823,0.73127,0.1499772,0,0.0,无信号,1.0512326916823844
2025-01-21,1,128101.SZ,0.0988179743289947,0.837284,0,1,1,0,0,1.1472,0.17805,0.3652704,0,0.0,无信号,1.0512326916823844
2025-01-21,0,110073.SH,0.0874205231666565,1.28877,1,0,0,0,0,1.5031,0.47147,0.2530238,0,0.0,无信号,1.0512326916823844
2025-01-21,0,123130.SZ,0.0726835280656814,1.95064,0,0,1,0,0,2.8036,0.02111,0.5624408,1,5.173127327907494e-05,成交,1.0512844229556635
2025-01-22,0,127062.SZ,-0.0631087198853492,2.339464,0,1,0,1,0,3.2444,0.302,0.03484178,0,0.0,无信号,1.0512844229556635
2025-01-22,0,110087.SH,0.0604673959314823,0.575771,1,0,0,1,0,3.4168,0.33553,0.08666649,0,0.0,无信号,1.0512844229556635
2025-01-22,1,113601.SH,0.1296989321708679,1.661619,0,1,1,0,1,1.577,0.12452,0.3026045,0,0.0,无信号,1.0512844229556635
2025-01-22,0,113653.SH,-0.0517147742211818,1.370537,0,1,1,1,0,3.5127,0.19483,0.30112922,0,0.0,无信号,1.0512844229556635
2025-01-22,1,113654.SH,-0.0231521762907505,1.383715,0,1,1,0,0,3.5318,0.18924,0.24171416,0,0.0,无信号,1.0512844229556635
2025-01-22,0,118022.SH,0.0038641253486275,3.668048,1,0,0,1,0,3.718,0.15514,0.33084005,0,0.0,无信号,1.0512844229556635
2025-01-22,0,118033.SH,0.0043181716464459,4.190477,0,1,0,0,0,4.1588,0.11916,0.17453955,0,0.0,无信号,1.0512844229556635
2025-01-22,0,123049.SZ,0.3207985460758209,1.406929,0,1,1,0,0,1.2211,0.12719,0.6559085,1,-0.0182989881084275,成交,1.032985434847236
2025-01-22,0,123119.SZ,-0.0667641088366508,2.234109,0,0,1,0,0,2.475,0.05137,0.22535838,0,0.0,无信号,1.032985434847236
2025-01-22,0,123193.SZ,-0.0125945731997489,1.353335,0,1,0,0,0,4.2218,0.26329,0.095753536,0,0.0,无信号,1.032985434847236
2025-01-22,0,123240.SZ,-0.0396612286567688,1.138814,0,0,1,1,0,5.024,0.10138,0.5131337,1,-0.0017554585152837851,成交,1.0312299763319523
2025-01-22,0,127033.SZ,0.226770207285881,1.498506,0,1,1,0,1,2.2286,0.21284,0.20965159,0,0.0,无信号,1.0312299763319523
2025-01-23,1,128095.SZ,0.035181675106287,1.17205,0,0,0,0,0,1.0513,0.05997,0.34655312,0,0.0,无信号,1.0312299763319523
2025-01-23,0,127061.SZ,0.0127177247777581,0.515354,0,1,1,0,1,3.2389,0.05124,0.5707017,1,-0.007885597548518954,成交,1.0233443787834333
2025-01-23,0,111018.SH,-0.053286999464035,1.927701,0,1,0,1,0,4.9199,0.275,0.2015569,0,0.0,无信号,1.0233443787834333
2025-01-23,0,127025.SZ,0.0492409318685531,1.02345,1,0,0,0,0,1.7823,0.10703,0.3155209,0,0.0,无信号,1.0233443787834333
2025-01-24,0,110064.SH,0.0298405960202217,0.965367,1,0,1,0,0,0.9035,0.13004,0.6887937,1,0.0035537561853350966,成交,1.0268981349687685
2025-01-24,0,123109.SZ,-0.0212789978832006,4.058581,0,1,0,0,0,2.1821,0.27382,0.18203199,0,0.0,无信号,1.0268981349687685
2025-01-24,0,123183.SZ,0.0745661035180091,2.756586,0,1,1,1,0,4.1588,0.43192,0.18114027,0,0.0,无信号,1.0268981349687685
2025-01-24,0,123215.SZ,0.0736067816615104,1.444191,0,1,1,1,0,4.5229,0.2076,0.21077049,0,0.0,无信号,1.0268981349687685
2025-01-24,0,127098.SZ,-0.0587074942886829,2.550644,1,1,1,1,0,4.8323,0.08271,0.35438687,0,0.0,无信号,1.0268981349687685
2025-01-27,0,110086.SH,-0.0808931961655616,1.563164,0,0,0,0,0,3.2334,0.21045,0.030996427,0,0.0,无信号,1.0268981349687685
2025-01-27,0,113625.SH,-0.066925324499607,1.299103,0,1,1,1,0,2.3682,0.05665,0.2082583,0,0.0,无信号,1.0268981349687685
2025-01-27,0,113643.SH,-0.0835189744830131,2.107,0,1,0,0,0,3.1567,0.14649,0.13789248,0,0.0,无信号,1.0268981349687685
2025-02-06,0,113657.SH,0.0091395238414406,6.250813,0,1,1,0,0,3.6441,0.28336,0.18333045,0,0.0,无信号,1.0268981349687685
2025-02-06,1,127079.SZ,-0.1792016476392746,2.552152,0,1,1,1,0,3.8576,0.27366,0.08367421,0,0.0,无信号,1.0268981349687685
2025-02-07,1,118031.SH,-0.0333811342716217,1.317295,0,0,0,0,0,4.0164,0.15165,0.17605655,0,0.0,无信号,1.0268981349687685
2025-02-07,0,127067.SZ,0.0672252029180526,0.667931,0,0,0,1,0,3.4497,0.07939,0.21283212,0,0.0,无信号,1.0268981349687685
2025-02-10,0,128124.SZ,-0.0215030740946531,4.547652,0,1,0,0,0,1.4593,0.0514,0.19561772,0,0.0,无信号,1.0268981349687685
2025-02-10,0,127073.SZ,0.0049992464482784,1.732945,0,0,1,1,0,2.6146,0.1694,0.23935899,0,0.0,无信号,1.0268981349687685
2025-02-10,0,127031.SZ,-0.095086969435215,1.481977,0,0,1,0,0,2.1164,0.54158,0.23479255,0,0.0,无信号,1.0268981349687685
2025-02-10,0,123195.SZ,-0.0620384253561496,2.876218,0,1,0,1,0,4.1807,0.42417,0.069447346,0,0.0,无信号,1.0268981349687685
2025-02-11,0,113670.SH,-0.0987208113074302,1.246768,0,0,0,1,0,4.178,0.25659,0.042364083,0,0.0,无信号,1.0268981349687685
2025-02-11,1,118036.SH,-0.1089256927371025,10.253258,1,1,0,1,0,4.3751,0.23387,0.06855993,0,0.0,无信号,1.0268981349687685
2025-02-13,0,113671.SH,-0.0815932527184486,3.063479,0,0,0,1,0,4.4025,0.09341,0.1648743,0,0.0,无信号,1.0268981349687685
2025-02-13,0,118007.SH,0.0575869344174861,2.389267,1,1,0,0,0,3.102,0.32349,0.053527772,0,0.0,无信号,1.0268981349687685
2025-02-14,0,110081.SH,-0.0304434336721897,1.126638,0,0,1,0,0,2.4476,0.21386,0.30206147,0,0.0,无信号,1.0268981349687685
2025-02-14,0,113681.SH,-0.0750033482909202,1.396359,1,1,0,1,0,4.8706,0.7747,0.07351151,0,0.0,无信号,1.0268981349687685
2025-02-14,0,127085.SZ,-0.0737542137503624,1.330028,0,0,0,1,0,4.1533,0.36627,0.040645365,0,0.0,无信号,1.0268981349687685
2025-02-17,0,113639.SH,0.0485195741057395,0.91172,0,0,0,0,0,2.9322,0.47427,0.05469063,0,0.0,无信号,1.0268981349687685
2025-02-17,0,123200.SZ,0.0974521115422248,2.382996,0,1,0,0,0,4.3559,0.39314,0.036400884,0,0.0,无信号,1.0268981349687685
2025-02-17,0,127089.SZ,-0.0951267108321189,1.115509,0,0,0,1,0,4.4134,0.22192,0.0379787,0,0.0,无信号,1.0268981349687685
2025-02-18,1,113542.SH,-0.0031060159672051,4.126035,0,0,0,0,0,0.449,0.11489,0.322822,0,0.0,无信号,1.0268981349687685
2025-02-18,0,123071.SZ,0.2494304478168487,1.763315,1,1,1,1,0,1.6701,0.09804,0.4295812,0,0.0,无信号,1.0268981349687685
2025-02-19,1,128074.SZ,-0.0766504406929016,2.920075,1,1,0,0,0,0.5914,0.28704,0.43219328,0,0.0,无信号,1.0268981349687685
2025-02-19,1,118023.SH,0.0974246859550476,1.490147,0,1,0,0,0,3.6468,0.4936,0.08199414,0,0.0,无信号,1.0268981349687685
2025-02-19,1,113053.SH,-0.1625266671180725,1.453107,0,0,0,1,0,2.8747,0.12845,0.06869988,0,0.0,无信号,1.0268981349687685
2025-02-19,1,110063.SH,0.1291636079549789,0.411063,0,0,1,0,0,0.8131,0.14078,0.56788015,1,0.01838534840058103,成交,1.0452834833693494
2025-02-20,0,118033.SH,0.0043181716464459,4.190477,0,1,0,0,0,4.0794,0.1693,0.10089629,0,0.0,无信号,1.0452834833693494
2025-02-20,0,127033.SZ,0.226770207285881,1.498506,0,1,1,0,1,2.1492,0.22702,0.2483805,0,0.0,无信号,1.0452834833693494
2025-02-20,0,127062.SZ,-0.0631087198853492,2.339464,0,1,0,1,0,3.165,0.58283,0.043576606,0,0.0,无信号,1.0452834833693494
2025-02-21,1,123049.SZ,0.3207985460758209,1.406929,0,1,1,0,0,1.1389,0.09862,0.70620143,1,0.00934876800269523,成交,1.0546322513720445
2025-02-21,1,123099.SZ,0.2089565694332122,1.5649,0,1,1,0,1,1.9658,0.00878,0.7817487,1,0.004602496606072625,成交,1.0592347479781172
2025-02-21,1,123119.SZ,-0.0667641088366508,2.234109,0,0,1,0,0,2.3929,0.10434,0.33744863,0,0.0,无信号,1.0592347479781172
2025-02-21,0,127061.SZ,0.0127177247777581,0.515354,0,1,1,0,0,3.1595,0.06829,0.4143987,0,0.0,无信号,1.0592347479781172
2025-02-25,0,127077.SZ,-0.0496132969856262,2.192191,0,1,1,0,0,3.7673,0.22835,0.24734294,0,0.0,无信号,1.0592347479781172
2025-02-25,0,123197.SZ,-0.0595689490437507,7.456249,0,1,0,1,0,4.1971,0.39952,0.07520981,0,0.0,无信号,1.0592347479781172
2025-02-25,0,123117.SZ,-0.0673300400376319,3.771323,0,0,1,1,0,2.3217,0.28064,0.17766546,0,0.0,无信号,1.0592347479781172
2025-02-25,0,123108.SZ,-0.0301572028547525,3.323323,0,0,0,0,0,1.0897,0.08181,0.21371949,0,0.0,无信号,1.0592347479781172
2025-02-25,0,118009.SH,0.1818442195653915,1.727393,0,1,0,0,0,3.3265,0.22917,0.056620073,0,0.0,无信号,1.0592347479781172
2025-02-25,0,113682.SH,-0.0671434700489044,1.194299,0,0,0,1,0,5.0185,0.5463,0.045705933,0,0.0,无信号,1.0592347479781172
2025-02-25,0,113647.SH,-0.0736187919974327,1.662804,0,0,0,0,0,3.154,0.24365,0.03691554,0,0.0,无信号,1.0592347479781172
2025-02-25,0,113563.SH,-0.0270534493029117,1.599776,0,0,0,0,0,0.8898,0.28595,0.6322985,1,-0.008677343763764818,成交,1.0505574042143524
2025-02-25,0,110086.SH,-0.0808931961655616,1.563164,0,0,0,0,0,3.154,0.31532,0.039190177,0,0.0,无信号,1.0505574042143524
2025-02-25,0,118000.SH,-0.0479316376149654,2.766474,0,1,1,0,0,1.9932,0.23505,0.3188549,0,0.0,无信号,1.0505574042143524
2025-02-26,1,113661.SH,-0.0712709724903106,8.257177,0,0,0,1,0,3.7372,0.05182,0.11690884,0,0.0,无信号,1.0505574042143524
2025-02-26,0,118032.SH,-0.1256168186664581,3.097217,0,1,0,0,0,4.0274,0.21681,0.064471595,0,0.0,无信号,1.0505574042143524
2025-02-26,1,128125.SZ,-0.0964384526014328,1.529479,0,1,0,0,0,1.4209,0.86121,0.26899475,0,0.0,无信号,1.0505574042143524
2025-02-27,0,113059.SH,0.0724789723753929,1.698169,0,0,1,1,0,3.2252,0.15902,0.14717476,0,0.0,无信号,1.0505574042143524
2025-02-28,0,127059.SZ,-0.0710329040884971,5.199863,0,1,0,1,0,3.1075,0.25816,0.023754815,0,0.0,无信号,1.0505574042143524
2025-02-28,0,113640.SH,-0.0020579118281602,1.814092,0,1,1,0,0,2.9651,0.2905,0.15629728,0,0.0,无信号,1.0505574042143524
2025-02-28,0,123168.SZ,-0.0890615358948707,1.089134,0,1,0,0,0,3.7344,0.34026,0.034843426,0,0.0,无信号,1.0505574042143524
2025-02-28,0,123171.SZ,0.0957863852381706,0.96972,0,1,0,0,0,3.7481,0.25806,0.10267604,0,0.0,无信号,1.0505574042143524
2025-03-04,0,113670.SH,-0.0987208113074302,1.246768,0,0,0,1,0,4.1205,0.20602,0.043828867,0,0.0,无信号,1.0505574042143524
2025-03-05,0,123151.SZ,-0.1527663916349411,10.676843,0,1,0,0,0,3.3238,0.1664,0.12390246,0,0.0,无信号,1.0505574042143524
2025-03-06,0,113584.SH,-0.015287690795958,0.745067,0,0,1,0,0,1.2485,0.12787,0.34510142,0,0.0,无信号,1.0505574042143524
2025-03-06,0,118007.SH,0.0575869344174861,2.389267,1,1,0,0,0,3.0445,0.35116,0.042663895,0,0.0,无信号,1.0505574042143524
2025-03-06,0,118029.SH,-0.0800622329115867,2.731688,0,1,1,0,0,3.7782,0.44227,0.053296346,0,0.0,无信号,1.0505574042143524
2025-03-07,1,110095.SH,0.0678808614611625,0.748267,0,0,1,1,0,4.4216,0.33898,0.075357184,0,0.0,无信号,1.0505574042143524
2025-03-07,1,118006.SH,-0.0800489261746406,5.653369,0,1,1,0,0,3.0226,0.24143,0.039499838,0,0.0,无信号,1.0505574042143524
2025-03-07,0,118027.SH,0.3848468065261841,1.904243,0,1,1,0,1,3.729,0.18561,0.2713612,0,0.0,无信号,1.0505574042143524
2025-03-07,0,123065.SZ,-0.0291781667619943,1.986462,0,1,0,0,0,1.4949,0.16713,0.565733,1,-0.0147458909512387,成交,1.0358115132631136
2025-03-07,0,123124.SZ,0.1012918576598167,5.325882,0,1,0,0,0,2.4422,0.22976,0.085642435,0,0.0,无信号,1.0358115132631136
2025-03-07,0,128119.SZ,-0.058566678315401,0.905445,0,1,0,0,0,1.3498,0.01267,0.7358312,1,-0.01733333333333336,成交,1.0184781799297802
2025-03-10,0,127089.SZ,-0.0951267108321189,1.115509,0,0,0,1,0,4.3559,0.23947,0.0379119,0,0.0,无信号,1.0184781799297802
2025-03-11,1,113574.SH,0.0409908145666122,2.65275,0,1,1,0,0,1.0541,0.43793,0.23712218,0,0.0,无信号,1.0184781799297802
2025-03-11,0,123196.SZ,0.0647550672292709,1.53221,0,1,1,0,0,4.104,0.5553,0.11243859,0,0.0,无信号,1.0184781799297802
2025-03-12,0,128108.SZ,0.0934915244579315,1.849187,0,0,1,1,0,1.2101,0.14023,0.43030852,0,0.0,无信号,1.0184781799297802
2025-03-12,0,123179.SZ,-0.0819381773471832,2.97869,0,1,0,0,0,3.9863,0.55106,0.026604664,0,0.0,无信号,1.0184781799297802
2025-03-13,0,110081.SH,-0.0304434336721897,1.126638,0,0,1,0,0,2.3737,0.22897,0.3213321,0,0.0,无信号,1.0184781799297802
2025-03-13,0,118033.SH,0.0043181716464459,4.190477,0,1,0,0,0,4.0219,0.27511,0.067997575,0,0.0,无信号,1.0184781799297802
2025-03-13,0,127033.SZ,0.226770207285881,1.498506,0,1,1,0,1,2.0917,0.21895,0.27575547,0,0.0,无信号,1.0184781799297802
2025-03-13,0,127062.SZ,-0.0631087198853492,2.339464,0,1,0,1,0,3.1075,0.58027,0.035039317,0,0.0,无信号,1.0184781799297802
2025-03-14,0,113545.SH,-0.0090759824961423,0.953491,0,0,0,1,0,0.5859,0.10828,0.40875456,0,0.0,无信号,1.0184781799297802
2025-03-14,0,113658.SH,-0.0169830992817878,1.276727,0,1,1,1,0,2.5079,0.2,0.24197815,0,0.0,无信号,1.0184781799297802
2025-03-14,0,123214.SZ,-0.1422359347343444,2.997754,0,1,0,1,0,4.3806,0.59626,0.20691629,0,0.0,无信号,1.0184781799297802
2025-03-17,0,113680.SH,-0.090124487876892,2.239776,0,1,0,1,0,4.6653,0.61842,0.11254846,0,0.0,无信号,1.0184781799297802
2025-03-18,0,110086.SH,-0.0808931961655616,1.563164,0,0,0,0,0,3.0965,0.41116,0.029033497,0,0.0,无信号,1.0184781799297802
2025-03-18,0,118000.SH,-0.0479316376149654,2.766474,0,1,1,0,0,1.9357,0.32955,0.30461562,0,0.0,无信号,1.0184781799297802
2025-03-18,0,118031.SH,-0.0333811342716217,1.317295,0,0,1,0,0,3.9097,0.11411,0.41081756,0,0.0,无信号,1.0184781799297802
2025-03-19,0,127098.SZ,-0.0587074942886829,2.550644,1,1,1,1,0,4.6845,0.12416,0.41004917,0,0.0,无信号,1.0184781799297802
2025-03-25,0,113670.SH,-0.0987208113074302,1.246768,0,0,0,1,0,4.063,0.2953,0.05008979,0,0.0,无信号,1.0184781799297802
2025-03-26,0,127090.SZ,-0.123204305768013,3.009834,0,1,0,0,0,4.3285,0.67273,0.06500289,0,0.0,无信号,1.0184781799297802
2025-03-26,0,123233.SZ,0.0630095452070236,5.678375,0,1,0,0,0,4.679,0.80198,0.09444146,0,0.0,无信号,1.0184781799297802
2025-03-27,0,118007.SH,0.0575869344174861,2.389267,1,1,0,0,0,2.987,0.38614,0.039596222,0,0.0,无信号,1.0184781799297802
2025-03-27,0,118029.SH,-0.0800622329115867,2.731688,0,1,1,0,0,3.7207,0.43156,0.055468764,0,0.0,无信号,1.0184781799297802
2025-03-28,0,111004.SH,0.1791594326496124,2.334932,0,1,0,0,0,3.0062,0.36544,0.02366357,0,0.0,无信号,1.0184781799297802
2025-03-28,0,127027.SZ,-0.0655577927827835,1.818217,1,0,0,0,0,1.7029,0.06124,0.2177378,0,0.0,无信号,1.0184781799297802
2025-03-31,0,127069.SZ,-0.0836257934570312,1.684534,0,1,0,0,0,3.3676,0.13844,0.05437059,0,0.0,无信号,1.0184781799297802
2025-04-01,0,113643.SH,-0.0835189744830131,2.107,0,1,0,0,0,2.9815,0.30465,0.035617013,0,0.0,无信号,1.0184781799297802
2025-04-01,1,127089.SZ,-0.0951267108321189,1.115509,0,0,0,1,0,4.2957,0.26768,0.04295365,0,0.0,无信号,1.0184781799297802
2025-04-02,1,110070.SH,-0.0923795104026794,0.574925,1,0,0,0,0,1.0294,0.14962,0.24725266,0,0.0,无信号,1.0184781799297802
2025-04-02,1,118008.SH,0.0548192374408245,2.351426,0,1,1,0,0,3.2252,0.31538,0.090916425,0,0.0,无信号,1.0184781799297802
2025-04-02,1,123156.SZ,0.0105438036844134,1.072084,0,1,0,0,0,3.373,0.34853,0.09657219,0,0.0,无信号,1.0184781799297802
2025-04-03,0,127062.SZ,-0.0631087198853492,2.339464,0,1,0,1,0,3.05,0.41787,0.028774805,0,0.0,无信号,1.0184781799297802
2025-04-03,0,127033.SZ,0.226770207285881,1.498506,0,1,1,0,1,2.0342,0.21329,0.26660118,0,0.0,无信号,1.0184781799297802
2025-04-03,0,118033.SH,0.0043181716464459,4.190477,0,1,0,0,0,3.9644,0.32135,0.06309755,0,0.0,无信号,1.0184781799297802
2025-04-03,0,110092.SH,-0.0430686138570308,1.140332,0,1,0,1,1,3.7618,0.44615,0.29641715,0,0.0,无信号,1.0184781799297802
2025-04-03,0,110081.SH,-0.0304434336721897,1.126638,0,0,1,0,0,2.3162,0.15385,0.4898169,0,0.0,无信号,1.0184781799297802
2025-04-03,0,113618.SH,0.0060841422528028,1.217863,0,1,0,0,0,1.7823,0.26447,0.21154587,0,0.0,无信号,1.0184781799297802
2025-04-07,0,123039.SZ,-0.0313120894134044,1.37998,0,1,1,0,0,0.7201,0.64354,0.5632443,1,-0.014022846400718127,成交,1.004455333529062
2025-04-08,0,118011.SH,0.162298321723938,5.358221,0,1,0,0,0,3.2389,0.44341,0.034542263,0,0.0,无信号,1.004455333529062
2025-04-08,0,127038.SZ,-0.1540403217077255,4.759866,1,0,0,0,0,2.1711,0.26333,0.15780517,0,0.0,无信号,1.004455333529062
2025-04-09,0,127080.SZ,-0.026164898648858,5.718797,0,1,0,1,0,3.7262,0.10962,0.4675348,0,0.0,无信号,1.004455333529062
2025-04-09,0,110086.SH,-0.0808931961655616,1.563164,0,0,0,0,0,3.0363,0.45833,0.028676188,0,0.0,无信号,1.004455333529062
2025-04-09,0,113623.SH,-0.046461172401905,0.753167,0,0,0,0,0,1.9959,0.49051,0.17280358,0,0.0,无信号,1.004455333529062
2025-04-09,0,118000.SH,-0.0479316376149654,2.766474,0,1,1,0,0,1.8754,0.31638,0.33032146,0,0.0,无信号,1.004455333529062
2025-04-09,0,118031.SH,-0.0333811342716217,1.317295,0,0,1,0,0,3.8494,0.04829,0.27781305,0,0.0,无信号,1.004455333529062
2025-04-11,0,127103.SZ,-0.0427941493690013,1.501735,0,0,0,1,0,4.731,0.17422,0.2464068,0,0.0,无信号,1.004455333529062
2025-04-11,0,118034.SH,-0.0390444099903106,1.35212,0,0,0,0,0,4.0246,0.00219,0.26283222,0,0.0,无信号,1.004455333529062
2025-04-11,0,111000.SH,-0.0482673645019531,1.503914,0,1,0,0,0,2.1164,0.00108,0.6435571,1,-0.018774386433119933,成交,0.9856809470959421
2025-04-11,0,118010.SH,0.1346859782934188,9.134413,0,1,0,1,0,3.2142,0.23611,0.158032,0,0.0,无信号,0.9856809470959421
2025-04-14,0,110089.SH,-0.0259830858558416,0.592375,1,0,1,0,0,3.4415,0.32826,0.1921497,0,0.0,无信号,0.9856809470959421
2025-04-14,0,128128.SZ,-0.0622719265520572,0.640081,1,0,0,0,0,1.3498,0.00457,0.727852,1,0.047990170579899905,成交,1.033671117675842
2025-04-15,0,123250.SZ,-0.1792641431093216,3.41805,0,1,0,1,0,5.5633,0.01124,0.2968446,0,0.0,无信号,1.033671117675842
2025-04-16,0,113650.SH,0.0009526899084448,2.218098,0,1,0,1,0,3.2088,0.10703,0.43733448,0,0.0,无信号,1.033671117675842
2025-04-16,0,113670.SH,-0.0987208113074302,1.246768,0,0,0,1,0,4.0027,0.13853,0.08083421,0,0.0,无信号,1.033671117675842
2025-04-16,0,123194.SZ,-0.0477869920432567,1.713091,0,1,0,0,0,3.9945,0.00853,0.13150285,0,0.0,无信号,1.033671117675842
2025-04-17,0,118025.SH,-0.1161115765571594,5.573926,0,0,1,0,0,3.5209,0.33966,0.053246863,0,0.0,无信号,1.033671117675842
2025-04-18,0,118015.SH,-0.0812325477600097,2.754289,0,1,0,0,0,3.258,0.55694,0.02951524,0,0.0,无信号,1.033671117675842
2025-04-18,0,111005.SH,0.0002400625089649,1.177014,0,1,1,1,0,3.1814,0.16844,0.3740028,0,0.0,无信号,1.033671117675842
2025-04-18,0,113593.SH,-0.0857186615467071,3.147965,0,1,0,0,0,1.2539,0.54016,0.3157333,0,0.0,无信号,1.033671117675842
2025-04-18,0,118007.SH,0.0201128311455249,1.905521,1,1,0,0,0,2.9268,0.27147,0.11304039,0,0.0,无信号,1.033671117675842
2025-04-18,0,118029.SH,-0.0540007129311561,2.304022,0,1,1,0,0,3.6605,0.35305,0.13892473,0,0.0,无信号,1.033671117675842
2025-04-22,1,123085.SZ,-0.0305941607803106,1.312886,0,1,1,0,0,1.6372,0.08934,0.4261335,0,0.0,无信号,1.033671117675842
2025-04-23,0,123122.SZ,-0.1324753314256668,9.093403,0,1,0,1,0,2.2861,0.36468,0.13498452,0,0.0,无信号,1.033671117675842
2025-04-23,0,127026.SZ,-0.1010937765240669,2.436066,1,0,0,0,0,1.6263,0.34951,0.25714758,0,0.0,无信号,1.033671117675842
2025-04-24,0,110095.SH,0.0678808614611625,0.748267,0,0,1,1,1,4.2902,0.16279,0.17372172,0,0.0,无信号,1.033671117675842
2025-04-24,0,113597.SH,-0.0793635323643684,2.27372,0,1,0,0,0,1.2649,0.19681,0.27668306,0,0.0,无信号,1.033671117675842
2025-04-24,0,113634.SH,-0.1416717767715454,3.170249,0,0,0,0,0,2.6229,0.00377,0.20244275,0,0.0,无信号,1.033671117675842
2025-04-24,1,113643.SH,-0.0707889571785926,1.982087,0,1,0,0,0,2.9185,0.22345,0.047513682,0,0.0,无信号,1.033671117675842
2025-04-24,0,113673.SH,-0.0552771389484405,3.472489,0,0,1,1,0,4.2327,0.0098,0.21213095,0,0.0,无信号,1.033671117675842
2025-04-24,0,123158.SZ,-0.0788051486015319,1.781086,0,0,0,0,0,3.4251,0.03636,0.06454682,0,0.0,无信号,1.033671117675842
2025-04-25,0,113661.SH,-0.1152510643005371,10.937447,0,0,1,0,0,3.5784,0.00356,0.0791768,0,0.0,无信号,1.033671117675842
2025-04-25,0,113046.SH,-0.0705788359045982,1.790329,0,0,0,0,0,1.9055,0.29816,0.19042668,0,0.0,无信号,1.033671117675842
2025-04-25,0,118033.SH,-0.0145141659304499,3.38723,0,1,0,0,0,3.9042,0.53074,0.04213343,0,0.0,无信号,1.033671117675842
2025-04-25,0,110076.SH,0.0279130786657333,1.404021,0,0,0,1,0,1.5222,0.06467,0.20081036,0,0.0,无信号,1.033671117675842
2025-04-25,0,111015.SH,-0.1341674476861953,2.203129,0,1,1,1,0,4.1971,0.03373,0.28790092,0,0.0,无信号,1.033671117675842
2025-04-25,0,118052.SH,-0.1330028772354126,4.989942,0,1,0,0,0,5.8809,0.72727,0.0330992,0,0.0,无信号,1.033671117675842
2025-04-28,0,128138.SZ,0.2296723425388336,1.247335,0,1,1,0,0,1.5551,0.1958,0.5006205,1,0.002185426237876475,成交,1.0358565439137184
2025-04-28,0,127107.SZ,-0.1011230200529098,1.621318,0,0,0,1,0,5.5578,0.12222,0.20657364,0,0.0,无信号,1.0358565439137184
2025-04-28,0,127016.SZ,-0.1114681139588356,3.385142,0,0,0,0,0,0.9473,0.12,0.38782567,0,0.0,无信号,1.0358565439137184
2025-04-28,0,118027.SH,0.3848468065261841,1.904243,0,1,1,0,1,3.5866,0.12256,0.47360986,0,0.0,无信号,1.0358565439137184
2025-04-28,0,113601.SH,0.1296989321708679,1.661619,0,1,1,0,0,1.3142,0.27044,0.61294067,1,0.06782759024319956,成交,1.103684134156918
2025-04-28,0,110090.SH,-0.0793461799621582,2.144599,0,0,0,0,0,3.4059,0.13131,0.10069106,0,0.0,无信号,1.103684134156918
2025-04-29,0,111001.SH,0.0677035823464393,0.739587,1,1,0,0,0,2.527,0.28694,0.14467295,0,0.0,无信号,1.103684134156918
2025-04-29,0,113624.SH,0.0091094439849257,3.242958,0,1,0,0,0,1.9959,0.25291,0.08079466,0,0.0,无信号,1.103684134156918
2025-04-29,0,118024.SH,-0.0871480628848075,1.147063,0,0,0,0,0,3.488,0.06621,0.092593566,0,0.0,无信号,1.103684134156918
2025-04-29,1,123236.SZ,0.020986970514059,1.128493,0,1,0,0,0,4.6489,0.30033,0.10987737,0,0.0,无信号,1.103684134156918
2025-04-29,1,127075.SZ,0.1378575563430786,0.365923,0,1,1,0,0,3.4743,0.34237,0.115164,0,0.0,无信号,1.103684134156918
2025-04-29,0,128134.SZ,-0.0074953543953597,1.626318,0,0,0,0,0,1.4456,0.2256,0.3885835,0,0.0,无信号,1.103684134156918
2025-04-30,0,110086.SH,-0.0823753476142883,1.543794,0,0,0,0,0,2.9788,0.42757,0.029638339,0,0.0,无信号,1.103684134156918
2025-04-30,0,111002.SH,0.0259284898638725,0.752648,0,0,1,0,0,2.6064,0.03865,0.45670885,0,0.0,无信号,1.103684134156918
2025-04-30,0,118000.SH,-0.0043595479801297,2.218604,0,1,1,0,0,1.8179,0.28457,0.2533973,0,0.0,无信号,1.103684134156918
2025-04-30,0,118031.SH,-0.0333811342716217,1.317295,0,0,1,1,1,3.7919,0.00391,0.4036084,0,0.0,无信号,1.103684134156918
2025-05-06,0,127080.SZ,-0.0256329346448183,3.131262,0,1,0,1,0,3.6523,0.04104,0.6571317,1,-0.04118084423265399,成交,1.062503289924264
2025-05-06,0,123144.SZ,0.0635163933038711,2.414485,0,1,0,0,0,2.9322,0.11279,0.21609822,0,0.0,无信号,1.062503289924264
2025-05-07,0,111000.SH,-0.048281256109476,1.480006,0,1,0,0,0,2.0452,0.01174,0.6995421,1,0.013534231640631642,成交,1.0760375215648956
2025-05-07,0,127030.SZ,0.126689150929451,0.400942,0,0,0,1,0,1.8727,0.15161,0.17935604,0,0.0,无信号,1.0760375215648956
2025-05-07,0,128108.SZ,0.1033084988594055,1.772163,0,0,1,0,0,1.0568,0.04333,0.44462773,0,0.0,无信号,1.0760375215648956
2025-05-08,0,127068.SZ,-0.0375870279967784,1.270053,0,1,1,0,0,3.2635,0.2884,0.26436242,0,0.0,无信号,1.0760375215648956
2025-05-09,0,113064.SH,0.0281212702393531,1.129759,0,0,0,1,0,3.5236,0.40901,0.0975197,0,0.0,无信号,1.0760375215648956
2025-05-09,0,113610.SH,0.0228333864361047,2.746814,0,1,1,0,0,1.5633,0.12796,0.32102025,0,0.0,无信号,1.0760375215648956
2025-05-09,0,123126.SZ,0.0117677897214889,1.894603,0,1,1,0,0,2.3381,0.42957,0.14352806,0,0.0,无信号,1.0760375215648956
2025-05-09,0,123150.SZ,0.0473051704466342,10.57033,1,1,0,1,0,3.1431,0.13205,0.40905753,0,0.0,无信号,1.0760375215648956
2025-05-12,0,113652.SH,0.1275910586118698,2.410751,0,0,1,1,0,3.1951,0.61702,0.13054241,0,0.0,无信号,1.0760375215648956
2025-05-12,0,123172.SZ,-0.0124927023425698,0.992295,0,1,1,0,0,3.5948,0.17679,0.18775456,0,0.0,无信号,1.0760375215648956
2025-05-12,0,127089.SZ,-0.0659179389476776,1.217513,0,0,1,1,1,4.1834,0.04276,0.14906703,0,0.0,无信号,1.0760375215648956
2025-05-14,0,118029.SH,-0.0426124222576618,2.826529,0,1,1,0,0,3.5893,0.54496,0.19471812,0,0.0,无信号,1.0760375215648956
2025-05-14,0,118012.SH,0.0361929945647716,2.400718,0,1,0,0,0,3.1431,0.16095,0.15917827,0,0.0,无信号,1.0760375215648956
2025-05-14,0,118007.SH,0.027660621330142,1.858226,1,1,0,0,0,2.8556,0.31343,0.11718283,0,0.0,无信号,1.0760375215648956
2025-05-15,0,110073.SH,0.0825610682368278,1.252148,1,0,0,0,0,1.191,0.42945,0.40289882,0,0.0,无信号,1.0760375215648956
2025-05-15,1,118014.SH,-0.0480932220816612,1.973866,0,1,0,1,0,3.1759,0.06505,0.32004672,0,0.0,无信号,1.0760375215648956
2025-05-16,0,113653.SH,-0.0849367156624794,1.450022,0,1,1,1,0,3.2005,0.26227,0.10002131,0,0.0,无信号,1.0760375215648956
2025-05-16,0,123192.SZ,-0.0902415886521339,3.503015,0,1,0,1,0,3.9097,0.02273,0.28338304,0,0.0,无信号,1.0760375215648956
2025-05-21,0,110081.SH,-0.0664679929614067,1.115257,0,0,1,0,0,2.1848,0.18646,0.1749162,0,0.0,无信号,1.0760375215648956
2025-05-21,0,113636.SH,-0.0880036503076553,1.117554,0,1,1,1,0,2.5626,0.09348,0.17874873,0,0.0,无信号,1.0760375215648956
2025-05-21,0,118020.SH,0.1701273322105407,1.007044,0,1,0,0,1,3.3429,0.17869,0.090789914,0,0.0,无信号,1.0760375215648956
2025-05-21,0,127060.SZ,-0.0255261734127998,1.470997,0,1,0,0,0,2.9131,0.48451,0.11914201,0,0.0,无信号,1.0760375215648956
2025-05-21,0,127061.SZ,0.0401582978665828,0.482283,0,1,1,0,1,2.9158,0.08357,0.31693545,0,0.0,无信号,1.0760375215648956
2025-05-21,0,127062.SZ,-0.0816995352506637,2.538553,0,1,0,1,0,2.9185,0.35912,0.030287411,0,0.0,无信号,1.0760375215648956
2025-05-23,0,113579.SH,-0.092149019241333,3.412956,0,0,0,0,0,0.9172,0.01406,0.4806268,0,0.0,无信号,1.0760375215648956
2025-05-26,0,127044.SZ,-0.0976442024111747,1.251657,0,1,1,1,0,2.2231,0.09605,0.27147138,0,0.0,无信号,1.0760375215648956
2025-05-26,0,123197.SZ,0.0243605151772499,6.000134,0,1,0,1,0,3.9507,0.18828,0.18851912,0,0.0,无信号,1.0760375215648956
2025-05-26,0,118040.SH,0.0119026266038417,1.438243,0,1,1,0,0,4.1643,0.27294,0.15419824,0,0.0,无信号,1.0760375215648956
2025-05-26,0,118000.SH,-0.0043595479801297,2.218604,0,1,1,0,0,1.7467,0.25173,0.22530241,0,0.0,无信号,1.0760375215648956
2025-05-26,0,110086.SH,-0.0823753476142883,1.543794,0,0,0,0,0,2.9076,0.44904,0.029638339,0,0.0,无信号,1.0760375215648956
2025-05-26,0,118031.SH,0.0066749858669936,1.302451,0,0,1,1,1,3.7207,0.03036,0.50902057,1,-0.007600644779530336,成交,1.0684368767853654
2025-05-27,0,113589.SH,-0.0023313236888498,2.645025,0,1,0,0,0,1.076,0.5401,0.19351575,0,0.0,无信号,1.0684368767853654
2025-05-27,0,127080.SZ,-0.0256329346448183,3.131262,0,1,0,1,0,3.5948,0.05091,0.6108631,1,0.009833284741180521,成交,1.078270161526546
2025-05-28,0,111000.SH,-0.048281256109476,1.480006,0,1,0,0,0,1.9877,0.03151,0.51114213,1,-0.008747709636834963,成交,1.069522451889711
2025-05-28,0,123072.SZ,-0.044891320168972,1.641243,0,1,0,0,0,1.399,0.16393,0.5406506,1,-0.007575816682400773,成交,1.0619466352073104
2025-05-28,0,123183.SZ,0.0750356987118721,2.673581,0,1,1,1,0,3.8193,0.60516,0.35634518,0,0.0,无信号,1.0619466352073104
2025-05-28,0,128108.SZ,0.1033084988594055,1.772163,0,0,1,0,0,0.9993,0.18624,0.4534209,0,0.0,无信号,1.0619466352073104
2025-05-30,0,113610.SH,0.0228333864361047,2.746814,0,1,1,0,0,1.5058,0.24486,0.19402535,0,0.0,无信号,1.0619466352073104
2025-05-30,1,127064.SZ,-0.0495451278984546,1.260856,1,0,0,0,0,2.9706,0.10143,0.20181131,0,0.0,无信号,1.0619466352073104
2025-06-03,0,123185.SZ,-0.028795039281249,2.421096,0,1,1,0,0,3.8248,0.12032,0.42381176,0,0.0,无信号,1.0619466352073104
2025-06-03,0,123216.SZ,-0.034416664391756,1.619778,0,0,1,0,0,4.1697,0.487,0.19853325,0,0.0,无信号,1.0619466352073104
2025-06-05,0,118007.SH,0.027660621330142,1.858226,1,1,0,0,0,2.7953,0.27926,0.13330743,0,0.0,无信号,1.0619466352073104
2025-06-05,0,118055.SH,0.1118726506829261,1.323863,0,0,0,0,0,5.8426,0.15789,0.12521476,0,0.0,无信号,1.0619466352073104
2025-06-09,0,113639.SH,0.0115897161886096,0.929804,0,0,0,0,0,2.6256,0.43073,0.12833542,0,0.0,无信号,1.0619466352073104
2025-06-11,1,110064.SH,0.0412016361951828,0.955831,1,0,1,0,0,0.5257,0.26805,0.7698126,1,0.017890191239975334,成交,1.0798368264472857
2025-06-12,0,110081.SH,-0.0664679929614067,1.115257,0,0,1,0,0,2.1246,0.14629,0.31655377,0,0.0,无信号,1.0798368264472857
2025-06-12,0,127061.SZ,0.0401582978665828,0.482283,0,1,1,0,0,2.8556,0.12005,0.25788605,0,0.0,无信号,1.0798368264472857
2025-06-12,0,127062.SZ,-0.0816995352506637,2.538553,0,1,0,1,0,2.8583,0.38701,0.032366905,0,0.0,无信号,1.0798368264472857
2025-06-13,0,113053.SH,-0.1263869404792785,1.49309,0,0,1,1,0,2.5626,0.08989,0.09358746,0,0.0,无信号,1.0798368264472857
2025-06-16,0,110095.SH,0.1192247718572616,0.636522,0,0,1,0,0,4.1451,0.20476,0.07731648,0,0.0,无信号,1.0798368264472857
2025-06-16,0,113682.SH,-0.0596066154539585,1.258588,0,0,0,1,0,4.7146,0.58966,0.091916695,0,0.0,无信号,1.0798368264472857
2025-06-17,0,118000.SH,-0.0043595479801297,2.218604,0,1,1,0,0,1.6865,0.26362,0.2893036,0,0.0,无信号,1.0798368264472857
2025-06-17,0,118031.SH,0.0066749858669936,1.302451,0,0,1,1,1,3.6605,0.07196,0.32702178,0,0.0,无信号,1.0798368264472857
2025-06-17,0,118032.SH,-0.1489343792200088,3.110686,0,1,0,0,0,3.7235,0.42586,0.08065202,0,0.0,无信号,1.0798368264472857
2025-06-18,0,127080.SZ,-0.0256329346448183,3.131262,0,1,0,1,0,3.5346,0.03186,0.6285587,1,-0.003939393939393969,成交,1.0758974325078918
2025-06-19,0,123090.SZ,-0.0708037242293357,1.619,0,0,0,0,0,1.5058,0.13938,0.22587721,0,0.0,无信号,1.0758974325078918
2025-06-19,0,118027.SH,0.34824138879776,1.399135,0,1,1,0,1,3.4442,0.17085,0.49817783,0,0.0,无信号,1.0758974325078918
2025-06-19,1,113597.SH,-0.0278708394616842,2.191572,0,1,0,0,0,1.1116,0.22423,0.47043455,0,0.0,无信号,1.0758974325078918
2025-06-19,1,113047.SH,0.0318072400987148,1.098722,0,0,1,0,0,1.8042,0.01407,0.5977538,1,0.017428664751551522,成交,1.0933260972594434
2025-06-19,0,111000.SH,-0.048281256109476,1.480006,0,1,0,0,0,1.9274,0.05895,0.24401213,0,0.0,无信号,1.0933260972594434
2025-06-20,0,123253.SZ,-0.1462144404649734,3.481119,0,1,0,1,0,5.7276,0.17308,0.29915422,0,0.0,无信号,1.0933260972594434
2025-06-20,0,127077.SZ,-0.0507912822067737,2.074313,0,1,1,0,0,3.4524,0.56997,0.21142627,0,0.0,无信号,1.0933260972594434
2025-06-20,1,128108.SZ,0.1033084988594055,1.772163,0,0,1,0,0,0.9363,0.21358,0.4413626,0,0.0,无信号,1.0933260972594434
2025-06-23,0,111004.SH,0.1938022226095199,1.962611,0,1,0,0,0,2.768,0.34777,0.05049868,0,0.0,无信号,1.0933260972594434
2025-06-23,0,113610.SH,0.0228333864361047,2.746814,0,1,1,0,0,1.4401,0.29493,0.41676623,0,0.0,无信号,1.0933260972594434
2025-06-24,0,113616.SH,-0.1139323338866233,2.24885,0,0,0,1,0,1.5113,0.59492,0.33147058,0,0.0,无信号,1.0933260972594434
2025-06-24,0,127071.SZ,-0.0992916971445083,2.166472,1,0,0,1,0,3.1622,0.50679,0.098794624,0,0.0,无信号,1.0933260972594434
2025-06-27,0,113633.SH,-0.0970677807927131,1.70888,0,0,0,0,0,2.4257,0.39477,0.08410059,0,0.0,无信号,1.0933260972594434
2025-06-27,1,118007.SH,0.027660621330142,1.858226,1,1,0,0,0,2.7351,0.28646,0.13246892,0,0.0,无信号,1.0933260972594434
2025-06-27,0,123039.SZ,-0.0426496230065822,1.174114,0,1,1,0,0,0.4983,0.50802,0.7077999,1,-0.0037204539636487145,成交,1.0896056432957948
2025-06-27,0,127042.SZ,-0.0011239984305575,1.424693,0,0,0,0,0,2.1164,0.29759,0.21957295,0,0.0,无信号,1.0896056432957948
2025-06-30,0,127022.SZ,0.0492684990167617,0.668482,0,0,1,0,0,1.295,0.03584,0.48422024,0,0.0,无信号,1.0896056432957948
2025-07-03,0,110081.SH,-0.0664679929614067,1.115257,0,1,1,0,0,2.0671,0.18045,0.25290942,0,0.0,无信号,1.0896056432957948
2025-07-03,0,127061.SZ,0.0401582978665828,0.482283,0,1,1,0,0,2.7981,0.14037,0.29286587,0,0.0,无信号,1.0896056432957948
2025-07-04,0,113049.SH,-0.1416025310754776,1.106012,0,0,0,0,0,1.9329,0.01765,0.36043632,0,0.0,无信号,1.0896056432957948
2025-07-04,0,113545.SH,-0.025657370686531,0.880166,0,1,0,1,0,0.2793,0.2193,0.3161336,0,0.0,无信号,1.0896056432957948
2025-07-04,0,113638.SH,0.0232909359037876,1.229698,0,0,0,0,0,2.486,0.03494,0.3699391,0,0.0,无信号,1.0896056432957948
2025-07-04,0,118005.SH,-0.0082577625289559,2.60612,0,1,0,0,0,2.5654,0.58663,0.041676357,0,0.0,无信号,1.0896056432957948
2025-07-04,0,118034.SH,-0.0605797655880451,1.373349,0,0,0,0,0,3.7947,0.03711,0.10906821,0,0.0,无信号,1.0896056432957948
2025-07-04,1,127089.SZ,-0.0659179389476776,1.217513,0,0,1,1,0,4.0383,0.13508,0.14314713,0,0.0,无信号,1.0896056432957948
2025-07-04,0,128097.SZ,-0.0829754695296287,1.670859,0,1,0,0,0,0.6461,0.13895,0.29009038,0,0.0,无信号,1.0896056432957948
2025-07-08,0,118031.SH,0.0066749858669936,1.302451,0,0,1,1,0,3.603,0.10592,0.4046018,0,0.0,无信号,1.0896056432957948
2025-07-08,0,118042.SH,-0.0862417891621589,1.422007,0,1,0,0,0,4.0903,0.0907,0.06283659,0,0.0,无信号,1.0896056432957948
2025-07-08,0,127064.SZ,-0.0495451278984546,1.260856,1,0,1,0,0,2.8638,0.10606,0.41166875,0,0.0,无信号,1.0896056432957948
2025-07-09,0,127080.SZ,-0.0256329346448183,3.131262,0,1,0,1,0,3.4771,0.0431,0.6620986,1,0.01453605478716261,成交,1.1041416980829575
2025-07-09,0,123172.SZ,-0.0124927023425698,0.992295,0,1,1,0,0,3.436,0.36772,0.13952443,0,0.0,无信号,1.1041416980829575
2025-07-10,0,110085.SH,0.0365397185087204,1.170767,0,0,0,1,0,2.6256,0.12015,0.2416791,0,0.0,无信号,1.1041416980829575
2025-07-10,0,111000.SH,-0.048281256109476,1.480006,0,1,0,0,0,1.87,0.09165,0.2451342,0,0.0,无信号,1.1041416980829575
2025-07-10,0,111014.SH,-0.1243562027812004,1.965239,0,0,0,1,0,3.9452,0.5762,0.10614153,0,0.0,无信号,1.1041416980829575
2025-07-10,0,127098.SZ,0.0669261738657951,2.352109,1,1,1,1,0,4.3751,0.43316,0.13366604,0,0.0,无信号,1.1041416980829575
2025-07-11,0,123155.SZ,0.1397695243358612,2.716596,0,1,0,0,0,3.0883,0.96948,0.10576435,0,0.0,无信号,1.1041416980829575
2025-07-11,0,123165.SZ,-0.0265266261994838,1.47162,0,1,0,0,0,3.2964,0.48906,0.14027019,0,0.0,无信号,1.1041416980829575
2025-07-11,0,127024.SZ,-0.0665628835558891,1.80178,0,0,0,0,0,1.3169,0.73136,0.21258648,0,0.0,无信号,1.1041416980829575
2025-07-15,1,113610.SH,0.0228333864361047,2.746814,0,1,1,0,0,1.3799,0.4723,0.22066587,0,0.0,无信号,1.1041416980829575
2025-07-16,0,110064.SH,0.0412016361951828,0.955831,1,0,1,0,0,0.4298,0.69405,0.55664265,1,0.04363293472204366,成交,1.1477746328050011
2025-07-17,0,111010.SH,0.3936403691768646,1.549195,0,0,1,0,0,3.3292,0.27707,0.30194855,0,0.0,无信号,1.1477746328050011
2025-07-18,0,128134.SZ,-0.0076460917480289,1.656599,0,0,0,0,0,1.2266,0.18246,0.35908687,0,0.0,无信号,1.1477746328050011
2025-07-18,0,123104.SZ,0.0401601009070873,3.429985,0,0,0,1,0,1.6591,0.65377,0.23395954,0,0.0,无信号,1.1477746328050011
2025-07-21,0,127017.SZ,-0.0550790540874004,2.15402,1,0,1,1,0,0.8679,0.24386,0.5806294,1,0.021495980426424397,成交,1.1692706132314254
2025-07-21,0,127025.SZ,0.0278048198670148,0.812147,1,0,0,0,0,1.2923,0.11212,0.2712407,0,0.0,无信号,1.1692706132314254
2025-07-21,0,123154.SZ,-0.1096714809536933,2.699091,0,1,0,1,0,3.0418,0.17429,0.1260703,0,0.0,无信号,1.1692706132314254
2025-07-21,0,127090.SZ,-0.1570044010877609,2.872275,0,1,0,0,0,4.0082,0.15335,0.10603066,0,0.0,无信号,1.1692706132314254
2025-07-24,0,127062.SZ,-0.0816995352506637,2.538553,0,1,0,1,0,2.7433,0.52926,0.061246894,0,0.0,无信号,1.1692706132314254
2025-07-24,0,110092.SH,-0.0332235284149646,0.988702,0,1,0,1,1,3.4552,0.36471,0.28682756,0,0.0,无信号,1.1692706132314254
2025-07-30,0,123113.SZ,0.0271703395992517,2.262259,0,1,0,0,0,1.7194,0.03631,0.25193706,0,0.0,无信号,1.1692706132314254
